id;classe;texte
1;CP;Coucou, je suis Anna Nasse, ta maîtresse du CP ! Clique sur moi pour commencer.
2;CP;Avec moi, tu peux faire des maths, du français, de l'anglais, de la lecture ou de la logique. Que choisis-tu ?
3;CP;Une série, c'est 10 questions. La moitié de bonnes réponses ou plus, et je te donne des pièces bleues !
4;CP;Un sans-faute ? Bravo ! Je te donne 10 pièces bleues d'un coup.
5;CP;J'ai plein d'histoires à te faire lire. Lis bien le texte, puis réponds à mes questions !
6;CP;En anglais, je t'apprends des mots nouveaux : les couleurs, les animaux, les nombres…
7;CP;Tu aimes les énigmes ? Viens faire de la logique avec moi !
8;CP;Pour dépenser tes pièces, clique sur l'icône Récompenses, à droite de l'écran.
9;CP;Dans la boutique, mes pièces bleues ouvrent les coffres de cartes du CP.
10;CP;Chaque coffre te donne une carte d'animal. Elles se rangent toutes dans le Livre !
11;CP;Tu veux me voir avec une autre tenue ? Elles sont dans l'onglet CP de la boutique.
12;CP;Chaque sans-faute fait monter une barre dans la fenêtre Succès.
13;CP;5 sans-faute dans chacune de mes matières, et ma classe gagne une nouvelle musique !
14;CP;20 sans-faute dans chacune de mes matières, et ma classe change de décor !
15;CP;Une erreur ? Pas grave ! Clique sur « Revoir » sous la correction pour relire la leçon.
16;CP;Clique sur Cours, à droite : j'y ai rangé une leçon pour chaque notion.
17;CP;Une question te paraît bizarre ? Clique sur l'icône Bug pour me le dire.
18;CP;Je ne te pose pas toujours les mêmes questions : chaque série est différente !
19;CP;Prends ton temps et lis bien chaque question avant de cliquer.
20;CP;Va aussi voir les autres classes : chaque prof donne des pièces de sa couleur !
21;CE1;Salut, je suis Paul Hochon, ton maître du CE1 ! Clique sur moi pour choisir une matière.
22;CE1;J'ai sept matières : maths, grammaire, conjugaison, orthographe, anglais, lecture et logique !
23;CE1;10 questions par série : la moitié de bonnes réponses ou plus, et tu gagnes des pièces vertes !
24;CE1;Plus tu as de bonnes réponses, plus je te donne de pièces. Un sans-faute en rapporte 10 !
25;CE1;Additions, soustractions, tables de 2, de 5 et de 10 : en maths, je t'attends !
26;CE1;Le présent des verbes en -er, d'être et d'avoir : viens t'entraîner en conjugaison !
27;CE1;Et ou est ? Son ou sont ? En orthographe, je t'apprends à ne plus les confondre.
28;CE1;En grammaire, on apprend à reconnaître les noms, les verbes et les adjectifs.
29;CE1;J'ai des textes à te faire lire. Lis-les jusqu'au bout avant de répondre !
30;CE1;Pour ouvrir la boutique, clique sur l'icône Récompenses dans le menu de droite.
31;CE1;Tes pièces vertes ouvrent les coffres du CE1, dans l'onglet Cartes de la boutique.
32;CE1;Une nouvelle carte ? Elle t'attend dans le Livre, avec toute ta collection !
33;CE1;Tu me trouves trop sérieux ? Choisis-moi une nouvelle tenue dans l'onglet CE1 de la boutique !
34;CE1;Dans la fenêtre Succès, regarde combien de sans-faute tu as faits dans chaque matière.
35;CE1;Bronze, argent, or : chaque sans-faute fait grimper tes barres de défis !
36;CE1;Palier bronze dans toutes mes matières ? Une nouvelle musique pour ma classe t'attend dans la boutique !
37;CE1;Palier argent partout ? Tu débloques un nouveau décor pour ma classe !
38;CE1;Une mauvaise réponse ? Clique sur « Revoir » sous la correction pour relire la leçon.
39;CE1;Le livre Cours, à droite, a une fiche pour chaque notion. Pratique pour réviser !
40;CE1;Une question te semble fausse ? Clique sur l'icône Bug, on la vérifiera !
41;CE2;Bonjour, je suis Laure Loge, ta maîtresse du CE2 ! Tu sais quelle heure il est ? L'heure de réviser !
42;CE2;Clique sur moi, choisis ta matière et réponds à mes 10 questions !
43;CE2;Avec la moitié de bonnes réponses ou plus, je te donne des pièces jaunes.
44;CE2;10 sur 10 ? Bravo, c'est 10 pièces jaunes d'un coup !
45;CE2;Toutes les tables de multiplication, et même la division : en maths, on ne s'ennuie pas !
46;CE2;Présent, imparfait, futur : en conjugaison, je te fais voyager dans le temps !
47;CE2;On ou ont ? Ces ou ses ? Viens faire de l'orthographe avec moi pour ne plus hésiter.
48;CE2;En grammaire, trouve le sujet du verbe et accorde-le bien !
49;CE2;Un texte à lire, puis des questions pour vérifier que tu as bien compris : c'est ça, la lecture !
50;CE2;Good morning ! En anglais, je t'apprends de nouveaux mots à chaque série.
51;CE2;Suites, intrus, déductions : en logique, ton cerveau va adorer !
52;CE2;Tes pièces jaunes se dépensent dans la boutique : clique sur Récompenses, à droite.
53;CE2;Dans l'onglet Cartes, tes pièces jaunes ouvrent les coffres du CE2. Chaque carte rejoint ton Livre !
54;CE2;J'ai plein de tenues dans l'onglet CE2 de la boutique… laquelle vas-tu me choisir ?
55;CE2;Ma classe veut une nouvelle musique ! 5 sans-faute dans chacune de mes matières, et elle est à toi.
56;CE2;20 sans-faute dans chacune de mes matières, et ma classe change de décor !
57;CE2;Ouvre la fenêtre Succès : tes barres de défis montrent tes sans-faute matière par matière.
58;CE2;Se tromper, ça arrive ! Clique sur « Revoir » sous la correction pour relire la leçon.
59;CE2;Avant de venir me voir, tu peux réviser une notion dans le livre Cours.
60;CE2;Une question te paraît bizarre ? Signale-la avec l'icône Bug, je la ferai vérifier.
61;CM1;Bonjour, je suis Jean Peuplu, ton maître du CM1. Je n'en peux plus d'attendre ton prochain sans-faute !
62;CM1;Clique sur moi : sept matières t'attendent, à toi de choisir !
63;CM1;10 questions par série, et des pièces violettes dès la moitié de bonnes réponses.
64;CM1;Plus ton score est haut, plus la récompense est grosse. Le sans-faute rapporte 10 pièces !
65;CM1;Nombres décimaux, fractions, aires : les maths du CM1 n'auront bientôt plus de secret pour toi.
66;CM1;Passé composé, imparfait, futur : viens réviser ta conjugaison avec moi !
67;CM1;La, l'a ou là ? Peu ou peut ? L'orthographe, ça s'apprend en s'entraînant !
68;CM1;COD, COI, attribut : en grammaire, on cherche à quoi sert chaque groupe de mots.
69;CM1;Mes textes de lecture sont plus longs : prends le temps de bien lire avant de répondre.
70;CM1;Hello ! En anglais, je t'apprends des mots et des petites phrases pour te débrouiller.
71;CM1;Codes secrets, grilles, raisonnement : en logique, le CM1 va te faire réfléchir !
72;CM1;Tes pièces sont dans le menu de droite : clique sur Récompenses pour les voir.
73;CM1;Avec tes pièces violettes, ouvre des coffres du CM1 et complète ta collection dans le Livre.
74;CM1;Tu veux me voir avec un autre look ? Mes tenues sont dans l'onglet CM1 de la boutique.
75;CM1;Chaque sans-faute fait avancer une barre de défi. Va voir où tu en es dans la fenêtre Succès !
76;CM1;Palier bronze dans toutes mes matières : une nouvelle musique. Palier argent : un nouveau décor !
77;CM1;Une fois la musique ou le décor débloqué, clique dessus dans la boutique pour l'activer. Clique encore pour revenir à l'original.
78;CM1;Raté ? Pas de panique : la pastille « Revoir » sous la correction t'emmène droit à la leçon.
79;CM1;Dans le livre Cours, tu trouveras une fiche avec des exemples pour chaque notion.
80;CM1;Tu as repéré une erreur dans une question ? Clique sur l'icône Bug pour la signaler. Merci !
81;CM2;Bonjour, je suis Maud Zarella, ta maîtresse du CM2. Prêt ou prête pour le plus haut niveau de l'école ?
82;CM2;Clique sur moi et choisis une de mes sept matières : c'est toi qui décides !
83;CM2;Chez moi aussi, une série compte 10 questions. La moitié de bonnes réponses ou plus rapporte des pièces rouges.
84;CM2;Un sans-faute vaut 10 pièces rouges… et fait aussi avancer ton défi !
85;CM2;Pourcentages, volumes, millions : en maths, le CM2 c'est du sérieux !
86;CM2;Passé simple, conditionnel, plus-que-parfait : la conjugaison du CM2 t'attend.
87;CM2;Quand, quant ou qu'en ? Et les accents ? En orthographe, chaque détail compte !
88;CM2;Pronoms relatifs, compléments circonstanciels : en grammaire, tu vas devenir incollable.
89;CM2;Mes textes de lecture sont les plus longs de l'école : lis bien, la réponse est toujours dans le texte !
90;CM2;Hello ! Viens réviser ton anglais avant d'entrer au collège.
91;CM2;Énigmes, codes secrets, déductions : ma logique est faite pour les détectives !
92;CM2;Clique sur l'icône Récompenses : en haut de la boutique, tu vois tes pièces de chaque classe.
93;CM2;Mes pièces rouges ouvrent les coffres du CM2. Chaque carte rejoint ta collection dans le Livre.
94;CM2;Une nouvelle tenue pour moi ? Rendez-vous dans l'onglet CM2 de la boutique !
95;CM2;Bronze à 5 sans-faute, argent à 20, or à 50 : suis tes barres dans la fenêtre Succès.
96;CM2;Atteins le palier bronze dans toutes mes matières pour offrir une nouvelle musique à ma classe !
97;CM2;Au palier argent partout, ma classe peut changer de décor : débloque-le dans l'onglet Succès de la boutique.
98;CM2;Le palier or ? C'est une surprise… que tu découvriras bientôt !
99;CM2;Une erreur ? Clique sur « Revoir » sous la correction : la fiche de la notion s'ouvre tout de suite.
100;CM2;Une question te semble fausse ou mal écrite ? Clique sur l'icône Bug pour la faire vérifier.
