id;classe;matiere;type;ancien_enonce;nouvel_enonce;bonne_reponse;mauvais_choix
1174;cp;math;math_1_pluriel;Combien font 4 dizaines et 1 unités ?;Combien font 4 dizaines et 1 unité ?;41;36 | 46 | 44
1179;cp;math;math_1_pluriel;Combien font 1 dizaines et 5 unités ?;Combien font 1 dizaine et 5 unités ?;15;25 | 16 | 12
1370;ce1;math;math_1_pluriel;Tu as 40 euros et tu achètes un objet à 1 euros. Combien te reste-t-il ?;Tu as 40 euros et tu achètes un objet à 1 euro. Combien te reste-t-il ?;39;36 | 38 | 41
1373;ce1;math;math_1_pluriel;Tu as 30 euros et tu achètes un objet à 1 euros. Combien te reste-t-il ?;Tu as 30 euros et tu achètes un objet à 1 euro. Combien te reste-t-il ?;29;39 | 34 | 26
1748;cm1;math;math_1_pluriel;Combien de centimètres dans 1 mètres ?;Combien de centimètres dans 1 mètre ?;100;95 | 101 | 97
1762;cm1;math;math_1_pluriel;Combien de minutes dans 1 heures ?;Combien de minutes dans une demi-heure ?;30;40 | 25 | 20
1937;cm2;math;math_1_pluriel;Une voiture roule à 20 km/h. Quelle distance, en km, parcourt-elle en 1 heures ?;Une voiture roule à 30 km/h. Quelle distance, en km, parcourt-elle en 1 heure ?;30;28 | 35 | 29
1938;cm2;math;math_1_pluriel;Une voiture roule à 110 km/h. Quelle distance, en km, parcourt-elle en 1 heures ?;Une voiture roule à 90 km/h. Quelle distance, en km, parcourt-elle en 1 heure ?;90;80 | 89 | 95
1942;cm2;math;math_1_pluriel;Une voiture roule à 60 km/h. Quelle distance, en km, parcourt-elle en 1 heures ?;Une voiture roule à 60 km/h. Quelle distance, en km, parcourt-elle en 1 heure ?;60;50 | 62 | 65
2246;cp;math;math_1_pluriel;Hugo a 1 gâteaux. Il en reçoit 9 de plus. Combien Hugo a-t-il de gâteaux maintenant ?;Hugo a 1 gâteau. Il en reçoit 9 de plus. Combien Hugo a-t-il de gâteaux maintenant ?;10;15 | 4 | 5
2712;cp;math;math_1_pluriel;Combien font 1 dizaines et 2 unités ?;Combien font 1 dizaine et 2 unités ?;12;11 | 13 | 22
2774;cp;math;math_1_pluriel;Sarah a 1 fleurs. Elle en reçoit 4 de plus. Combien Sarah a-t-elle de fleurs maintenant ?;Sarah a 1 fleur. Elle en reçoit 4 de plus. Combien Sarah a-t-elle de fleurs maintenant ?;5;4 | 6 | 7
2778;cp;math;math_1_pluriel;Félix a 1 perles. Il en reçoit 1 de plus. Combien Félix a-t-il de perles maintenant ?;Félix a 1 perle. Il en reçoit 1 de plus. Combien Félix a-t-il de perles maintenant ?;2;1 | 3 | 4
2781;cp;math;math_1_pluriel;Lucas a 1 livres. Il en reçoit 13 de plus. Combien Lucas a-t-il de livres maintenant ?;Lucas a 1 livre. Il en reçoit 13 de plus. Combien Lucas a-t-il de livres maintenant ?;14;16 | 13 | 15
2787;cp;math;math_1_pluriel;Maya a 1 pommes. Elle en reçoit 6 de plus. Combien Maya a-t-elle de pommes maintenant ?;Maya a 1 pomme. Elle en reçoit 6 de plus. Combien Maya a-t-elle de pommes maintenant ?;7;8 | 9 | 6
2793;cp;math;math_1_pluriel;Yanis a 1 billes. Il en reçoit 14 de plus. Combien Yanis a-t-il de billes maintenant ?;Yanis a 1 bille. Il en reçoit 14 de plus. Combien Yanis a-t-il de billes maintenant ?;15;16 | 17 | 14
2806;cp;math;math_1_pluriel;Iris a 1 jouets. Elle en reçoit 2 de plus. Combien Iris a-t-elle de jouets maintenant ?;Iris a 1 jouet. Elle en reçoit 2 de plus. Combien Iris a-t-elle de jouets maintenant ?;3;2 | 4 | 5
4507;ce2;math;math_1_pluriel;Tu as 90 euros et tu achètes un objet à 1 euros. Combien te reste-t-il ?;Tu as 90 euros et tu achètes un objet à 1 euro. Combien te reste-t-il ?;89;93 | 79 | 85
19049;ce1;english;anglais_mot_ambigu;Comment dit-on "pêche" en anglais ?;Comment dit-on "faire de la pêche" en anglais ?;fishing;climbing | volleyball | golf
19241;ce1;english;anglais_mot_ambigu;Comment dit-on "vélo" en anglais ?;Comment dit-on "faire du vélo" en anglais ?;cycling;reading | singing | running
19251;ce1;english;anglais_mot_ambigu;Comment dit-on "course" en anglais ?;Comment dit-on "la course à pied" en anglais ?;running;drawing | reading | singing
21000;cm1;english;anglais_comparatif;Comment dit-on "un cheval est plus bruyant qu'un chien" en anglais ?;Comment dit-on "un cheval est plus grand qu'un chien" en anglais ?;A horse is bigger than a dog;A dog is bigger than a horse | A horse is stronger than a dog | A horse is faster than a dog
21001;cm1;english;anglais_comparatif;Comment dit-on "une voiture est plus haute qu'un vélo" en anglais ?;Comment dit-on "un vélo est plus petit qu'une voiture" en anglais ?;A bike is smaller than a car;A car is smaller than a bike | A bike is slower than a car | A bike is lighter than a car
21002;cm1;english;anglais_comparatif;Comment dit-on "un train est plus haut qu'une bicyclette" en anglais ?;Comment dit-on "un train est plus haut qu'une bicyclette" en anglais ?;A train is taller than a bicycle;A bicycle is taller than a train | A train is longer than a bicycle | A train is louder than a bicycle
21003;cm1;english;anglais_comparatif;Comment dit-on "un éléphant est plus large qu'une souris" en anglais ?;Comment dit-on "une souris est plus petite qu'un éléphant" en anglais ?;A mouse is smaller than an elephant;An elephant is smaller than a mouse | A mouse is weaker than an elephant | A mouse is quieter than an elephant
21005;cm1;english;anglais_comparatif;Comment dit-on "un lion est plus rapide qu'un canard" en anglais ?;Comment dit-on "un canard est plus petit qu'un lion" en anglais ?;A duck is smaller than a lion;A lion is smaller than a duck | A duck is weaker than a lion | A duck is lighter than a lion
21006;cm1;english;anglais_comparatif;Comment dit-on "un cheval est plus lourd qu'un chien" en anglais ?;Comment dit-on "un cheval est plus lourd qu'un chien" en anglais ?;A horse is heavier than a dog;A dog is heavier than a horse | A horse is stronger than a dog | A horse is faster than a dog
21012;cm1;english;anglais_comparatif;Comment dit-on "un rocher est plus sec qu'une plume" en anglais ?;Comment dit-on "une plume est plus légère qu'un rocher" en anglais ?;A feather is lighter than a rock;A rock is lighter than a feather | A feather is softer than a rock | A feather is smaller than a rock
21013;cm1;english;anglais_comparatif;Comment dit-on "un rocher est plus épais qu'une plume" en anglais ?;Comment dit-on "une plume est plus petite qu'un rocher" en anglais ?;A feather is smaller than a rock;A rock is smaller than a feather | A feather is softer than a rock | A feather is lighter than a rock
21014;cm1;english;anglais_comparatif;Comment dit-on "une voiture est plus lourde qu'un vélo" en anglais ?;Comment dit-on "une voiture est plus lourde qu'un vélo" en anglais ?;A car is heavier than a bike;A bike is heavier than a car | A car is louder than a bike | A car is faster than a bike
21015;cm1;english;anglais_comparatif;Comment dit-on "un cheval est plus propre qu'un chien" en anglais ?;Comment dit-on "un chien est plus petit qu'un cheval" en anglais ?;A dog is smaller than a horse;A horse is smaller than a dog | A dog is lighter than a horse | A dog is slower than a horse
21018;cm1;english;anglais_article_sport;Comment dit-on "mon sport préféré est natation" en anglais ?;Comment dit-on "mon sport préféré est la natation" en anglais ?;My favourite sport is swimming;My favourite sport is golf | My favourite sport is tennis | My favourite sport is horse riding
21021;cm1;english;anglais_comparatif;Comment dit-on "une baleine est plus bruyante qu'un poisson" en anglais ?;Comment dit-on "un poisson est plus petit qu'une baleine" en anglais ?;A fish is smaller than a whale;A whale is smaller than a fish | A fish is lighter than a whale | A fish is shorter than a whale
21022;cm1;english;anglais_comparatif;Comment dit-on "une baleine est plus grande qu'un poisson" en anglais ?;Comment dit-on "une baleine est plus grande qu'un poisson" en anglais ?;A whale is bigger than a fish;A fish is bigger than a whale | A whale is longer than a fish | A whale is stronger than a fish
21023;cm1;english;anglais_article_sport;Comment dit-on "mon sport préféré est gymnastique" en anglais ?;Comment dit-on "mon sport préféré est la gymnastique" en anglais ?;My favourite sport is gymnastics;My favourite sport is skiing | My favourite sport is judo | My favourite sport is horse riding
21026;cm1;english;anglais_comparatif;Comment dit-on "un livre est plus propre qu'une feuille" en anglais ?;Comment dit-on "une feuille est plus légère qu'un livre" en anglais ?;A sheet of paper is lighter than a book;A book is lighter than a sheet of paper | A sheet of paper is thinner than a book | A sheet of paper is heavier than a book
21027;cm1;english;anglais_comparatif;Comment dit-on "un lion est plus propre qu'un canard" en anglais ?;Comment dit-on "un canard est plus léger qu'un lion" en anglais ?;A duck is lighter than a lion;A lion is lighter than a duck | A duck is smaller than a lion | A duck is weaker than a lion
21028;cm1;english;anglais_comparatif;Comment dit-on "un livre est plus lourd qu'une feuille" en anglais ?;Comment dit-on "un livre est plus lourd qu'une feuille" en anglais ?;A book is heavier than a sheet of paper;A sheet of paper is heavier than a book | A book is thicker than a sheet of paper | A book is thinner than a sheet of paper
21029;cm1;english;anglais_comparatif;Comment dit-on "une tortue est plus forte qu'un lapin" en anglais ?;Comment dit-on "un lapin est plus rapide qu'une tortue" en anglais ?;A rabbit is faster than a tortoise;A tortoise is faster than a rabbit | A rabbit is slower than a tortoise | A rabbit is smaller than a tortoise
21033;cm1;english;anglais_comparatif;Comment dit-on "un fleuve est plus propre qu'un ruisseau" en anglais ?;Comment dit-on "un ruisseau est plus court qu'un fleuve" en anglais ?;A stream is shorter than a river;A river is shorter than a stream | A stream is smaller than a river | A stream is narrower than a river
21034;cm1;english;anglais_comparatif;Comment dit-on "un avion est plus bruyant qu'un oiseau" en anglais ?;Comment dit-on "un avion est plus bruyant qu'un oiseau" en anglais ?;A plane is louder than a bird;A bird is louder than a plane | A plane is bigger than a bird | A plane is heavier than a bird
21036;cm1;english;anglais_comparatif;Comment dit-on "un éléphant est plus lourd qu'une souris" en anglais ?;Comment dit-on "un éléphant est plus lourd qu'une souris" en anglais ?;An elephant is heavier than a mouse;A mouse is heavier than an elephant | An elephant is louder than a mouse | An elephant is stronger than a mouse
21041;cm1;english;anglais_comparatif;Comment dit-on "un camion est plus lourd qu'une moto" en anglais ?;Comment dit-on "un camion est plus lourd qu'une moto" en anglais ?;A truck is heavier than a motorbike;A motorbike is heavier than a truck | A truck is bigger than a motorbike | A truck is wider than a motorbike
21042;cm1;english;anglais_comparatif;Comment dit-on "un fleuve est plus grand qu'un ruisseau" en anglais ?;Comment dit-on "un fleuve est plus grand qu'un ruisseau" en anglais ?;A river is bigger than a stream;A stream is bigger than a river | A river is deeper than a stream | A river is wider than a stream
21046;cm1;english;anglais_comparatif;Comment dit-on "un immeuble est plus grand qu'une maison" en anglais ?;Comment dit-on "un immeuble est plus grand qu'une maison" en anglais ?;A building is bigger than a house;A house is bigger than a building | A building is taller than a house | A building is wider than a house
21049;cm1;english;anglais_comparatif;Comment dit-on "un livre est plus large qu'une feuille" en anglais ?;Comment dit-on "une feuille est plus fine qu'un livre" en anglais ?;A sheet of paper is thinner than a book;A book is thinner than a sheet of paper | A sheet of paper is lighter than a book | A sheet of paper is thicker than a book
21051;cm1;english;anglais_article_sport;Comment dit-on "mon sport préféré est escalade" en anglais ?;Comment dit-on "mon sport préféré est l'escalade" en anglais ?;My favourite sport is climbing;My favourite sport is volleyball | My favourite sport is fishing | My favourite sport is swimming
21058;cm1;english;anglais_article_sport;Comment dit-on "mon sport préféré est patinage" en anglais ?;Comment dit-on "mon sport préféré est le patinage" en anglais ?;My favourite sport is skating;My favourite sport is swimming | My favourite sport is judo | My favourite sport is tennis
21061;cm1;english;anglais_comparatif;Comment dit-on "une montagne est plus lourde qu'une colline" en anglais ?;Comment dit-on "une colline est plus petite qu'une montagne" en anglais ?;A hill is smaller than a mountain;A mountain is smaller than a hill | A hill is lower than a mountain | A hill is higher than a mountain
21065;cm1;english;anglais_comparatif;Comment dit-on "un avion est plus haut qu'un oiseau" en anglais ?;Comment dit-on "un oiseau est plus petit qu'un avion" en anglais ?;A bird is smaller than a plane;A plane is smaller than a bird | A bird is quieter than a plane | A bird is slower than a plane
21066;cm1;english;anglais_comparatif;Comment dit-on "une montagne est plus longue qu'une colline" en anglais ?;Comment dit-on "une colline est plus basse qu'une montagne" en anglais ?;A hill is lower than a mountain;A mountain is lower than a hill | A hill is smaller than a mountain | A hill is bigger than a mountain
21067;cm1;english;anglais_comparatif;Comment dit-on "un géant est plus haut qu'une souris" en anglais ?;Comment dit-on "une souris est plus petite qu'un géant" en anglais ?;A mouse is smaller than a giant;A giant is smaller than a mouse | A mouse is lighter than a giant | A mouse is weaker than a giant
21068;cm1;english;anglais_comparatif;Comment dit-on "un camion est plus fort qu'une moto" en anglais ?;Comment dit-on "une moto est plus petite qu'un camion" en anglais ?;A motorbike is smaller than a truck;A truck is smaller than a motorbike | A motorbike is shorter than a truck | A motorbike is narrower than a truck
21069;cm1;english;anglais_comparatif;Comment dit-on "une baleine est plus lourde qu'un poisson" en anglais ?;Comment dit-on "une baleine est plus lourde qu'un poisson" en anglais ?;A whale is heavier than a fish;A fish is heavier than a whale | A whale is longer than a fish | A whale is bigger than a fish
21071;cm1;english;anglais_comparatif;Comment dit-on "un cheval est plus fort qu'un chien" en anglais ?;Comment dit-on "un cheval est plus fort qu'un chien" en anglais ?;A horse is stronger than a dog;A dog is stronger than a horse | A horse is bigger than a dog | A horse is heavier than a dog
21078;cm1;english;anglais_comparatif;Comment dit-on "un fleuve est plus long qu'un ruisseau" en anglais ?;Comment dit-on "un fleuve est plus long qu'un ruisseau" en anglais ?;A river is longer than a stream;A stream is longer than a river | A river is wider than a stream | A river is deeper than a stream
21079;cm1;english;anglais_article_sport;Comment dit-on "mon sport préféré est rugby" en anglais ?;Comment dit-on "mon sport préféré est le rugby" en anglais ?;My favourite sport is rugby;My favourite sport is skating | My favourite sport is tennis | My favourite sport is judo
21083;cm1;english;anglais_comparatif;Comment dit-on "une voiture est plus longue qu'un vélo" en anglais ?;Comment dit-on "une voiture est plus longue qu'un vélo" en anglais ?;A car is longer than a bike;A bike is longer than a car | A car is wider than a bike | A car is faster than a bike
21086;cm1;english;anglais_comparatif;Comment dit-on "un livre est plus vieux qu'une feuille" en anglais ?;Comment dit-on "une fusée est plus rapide qu'une voiture" en anglais ?;A rocket is faster than a car;A car is faster than a rocket | A rocket is longer than a car | A rocket is louder than a car
21087;cm1;english;anglais_comparatif;Comment dit-on "une baleine est plus haute qu'un poisson" en anglais ?;Comment dit-on "un poisson est plus léger qu'une baleine" en anglais ?;A fish is lighter than a whale;A whale is lighter than a fish | A fish is shorter than a whale | A fish is weaker than a whale
21096;cm1;english;anglais_comparatif;Comment dit-on "un lion est plus large qu'un canard" en anglais ?;Comment dit-on "un canard est plus faible qu'un lion" en anglais ?;A duck is weaker than a lion;A lion is weaker than a duck | A duck is lighter than a lion | A duck is smaller than a lion
21098;cm1;english;anglais_comparatif;Comment dit-on "un avion est plus grand qu'un oiseau" en anglais ?;Comment dit-on "un avion est plus grand qu'un oiseau" en anglais ?;A plane is bigger than a bird;A bird is bigger than a plane | A plane is louder than a bird | A plane is faster than a bird
21100;cm1;english;anglais_comparatif;Comment dit-on "un fleuve est plus fort qu'un ruisseau" en anglais ?;Comment dit-on "un ruisseau est plus étroit qu'un fleuve" en anglais ?;A stream is narrower than a river;A river is narrower than a stream | A stream is smaller than a river | A stream is shorter than a river
21101;cm1;english;anglais_comparatif;Comment dit-on "une tortue est plus vieille qu'un lapin" en anglais ?;Comment dit-on "une fusée est plus haute qu'une voiture" en anglais ?;A rocket is taller than a car;A car is taller than a rocket | A rocket is longer than a car | A rocket is heavier than a car
21102;cm1;english;anglais_comparatif;Comment dit-on "un immeuble est plus lourd qu'une maison" en anglais ?;Comment dit-on "une maison est plus petite qu'un immeuble" en anglais ?;A house is smaller than a building;A building is smaller than a house | A house is wider than a building | A house is taller than a building
21103;cm1;english;anglais_article_sport;Comment dit-on "mon sport préféré est golf" en anglais ?;Comment dit-on "mon sport préféré est le golf" en anglais ?;My favourite sport is golf;My favourite sport is tennis | My favourite sport is skiing | My favourite sport is fishing
21108;cm1;english;anglais_comparatif;Comment dit-on "un immeuble est plus propre qu'une maison" en anglais ?;Comment dit-on "un train est plus grand qu'une bicyclette" en anglais ?;A train is bigger than a bicycle;A bicycle is bigger than a train | A train is faster than a bicycle | A train is louder than a bicycle
21110;cm1;english;anglais_comparatif;Comment dit-on "un lion est plus long qu'un canard" en anglais ?;Comment dit-on "une fusée est plus lourde qu'une voiture" en anglais ?;A rocket is heavier than a car;A car is heavier than a rocket | A rocket is longer than a car | A rocket is faster than a car
21114;cm1;english;anglais_comparatif;Comment dit-on "un fleuve est plus profond qu'un ruisseau" en anglais ?;Comment dit-on "un fleuve est plus profond qu'un ruisseau" en anglais ?;A river is deeper than a stream;A stream is deeper than a river | A river is longer than a stream | A river is bigger than a stream
21116;cm1;english;anglais_comparatif;Comment dit-on "un cheval est plus rapide qu'un chien" en anglais ?;Comment dit-on "un cheval est plus rapide qu'un chien" en anglais ?;A horse is faster than a dog;A dog is faster than a horse | A horse is bigger than a dog | A horse is heavier than a dog
21117;cm1;english;anglais_comparatif;Comment dit-on "une tortue est plus bruyante qu'un lapin" en anglais ?;Comment dit-on "une fusée est plus longue qu'une voiture" en anglais ?;A rocket is longer than a car;A car is longer than a rocket | A rocket is heavier than a car | A rocket is louder than a car
21118;cm1;english;anglais_comparatif;Comment dit-on "une montagne est plus dure qu'une colline" en anglais ?;Comment dit-on "un tigre est plus grand qu'un chat" en anglais ?;A tiger is bigger than a cat;A cat is bigger than a tiger | A tiger is stronger than a cat | A tiger is heavier than a cat
21119;cm1;english;anglais_comparatif;Comment dit-on "une baleine est plus forte qu'un poisson" en anglais ?;Comment dit-on "une baleine est plus forte qu'un poisson" en anglais ?;A whale is stronger than a fish;A fish is stronger than a whale | A whale is heavier than a fish | A whale is bigger than a fish
21120;cm1;english;anglais_comparatif;Comment dit-on "un géant est plus grand qu'une souris" en anglais ?;Comment dit-on "un géant est plus grand qu'une souris" en anglais ?;A giant is bigger than a mouse;A mouse is bigger than a giant | A giant is stronger than a mouse | A giant is louder than a mouse
21123;cm1;english;anglais_comparatif;Comment dit-on "un éléphant est plus fort qu'une souris" en anglais ?;Comment dit-on "un éléphant est plus fort qu'une souris" en anglais ?;An elephant is stronger than a mouse;A mouse is stronger than an elephant | An elephant is louder than a mouse | An elephant is heavier than a mouse
21124;cm1;english;anglais_comparatif;Comment dit-on "un camion est plus bruyant qu'une moto" en anglais ?;Comment dit-on "une moto est plus légère qu'un camion" en anglais ?;A motorbike is lighter than a truck;A truck is lighter than a motorbike | A motorbike is smaller than a truck | A motorbike is narrower than a truck
21126;cm1;english;anglais_comparatif;Comment dit-on "un cheval est plus long qu'un chien" en anglais ?;Comment dit-on "un chien est plus léger qu'un cheval" en anglais ?;A dog is lighter than a horse;A horse is lighter than a dog | A dog is smaller than a horse | A dog is slower than a horse
21127;cm1;english;anglais_comparatif;Comment dit-on "une tortue est plus longue qu'un lapin" en anglais ?;Comment dit-on "un bus est plus grand qu'une voiture" en anglais ?;A bus is bigger than a car;A car is bigger than a bus | A bus is heavier than a car | A bus is longer than a car
21128;cm1;english;anglais_comparatif;Comment dit-on "une baleine est plus longue qu'un poisson" en anglais ?;Comment dit-on "une baleine est plus longue qu'un poisson" en anglais ?;A whale is longer than a fish;A fish is longer than a whale | A whale is stronger than a fish | A whale is bigger than a fish
21134;cm1;english;anglais_comparatif;Comment dit-on "une voiture est plus forte qu'un vélo" en anglais ?;Comment dit-on "un vélo est plus léger qu'une voiture" en anglais ?;A bike is lighter than a car;A car is lighter than a bike | A bike is narrower than a car | A bike is slower than a car
21135;cm1;english;anglais_comparatif;Comment dit-on "un train est plus long qu'une bicyclette" en anglais ?;Comment dit-on "un train est plus long qu'une bicyclette" en anglais ?;A train is longer than a bicycle;A bicycle is longer than a train | A train is heavier than a bicycle | A train is bigger than a bicycle
21141;cm1;english;anglais_comparatif;Comment dit-on "un rocher est plus dur qu'une plume" en anglais ?;Comment dit-on "un rocher est plus dur qu'une plume" en anglais ?;A rock is harder than a feather;A feather is harder than a rock | A rock is heavier than a feather | A rock is bigger than a feather
21145;cm1;english;anglais_comparatif;Comment dit-on "un train est plus propre qu'une bicyclette" en anglais ?;Comment dit-on "une bicyclette est plus petite qu'un train" en anglais ?;A bicycle is smaller than a train;A train is smaller than a bicycle | A bicycle is slower than a train | A bicycle is narrower than a train
21146;cm1;english;anglais_comparatif;Comment dit-on "un avion est plus long qu'un oiseau" en anglais ?;Comment dit-on "un oiseau est plus léger qu'un avion" en anglais ?;A bird is lighter than a plane;A plane is lighter than a bird | A bird is smaller than a plane | A bird is quieter than a plane
21149;cm1;english;anglais_comparatif;Comment dit-on "un livre est plus grand qu'une feuille" en anglais ?;Comment dit-on "une fusée est plus bruyante qu'une voiture" en anglais ?;A rocket is louder than a car;A car is louder than a rocket | A rocket is faster than a car | A rocket is heavier than a car
21150;cm1;english;anglais_article_sport;Comment dit-on "mon sport préféré est tennis" en anglais ?;Comment dit-on "mon sport préféré est le tennis" en anglais ?;My favourite sport is tennis;My favourite sport is gymnastics | My favourite sport is golf | My favourite sport is volleyball
21151;cm1;english;anglais_comparatif;Comment dit-on "un géant est plus large qu'une souris" en anglais ?;Comment dit-on "une souris est plus légère qu'un géant" en anglais ?;A mouse is lighter than a giant;A giant is lighter than a mouse | A mouse is quieter than a giant | A mouse is weaker than a giant
21152;cm1;english;anglais_comparatif;Comment dit-on "un géant est plus bruyant qu'une souris" en anglais ?;Comment dit-on "un géant est plus bruyant qu'une souris" en anglais ?;A giant is louder than a mouse;A mouse is louder than a giant | A giant is bigger than a mouse | A giant is heavier than a mouse
21153;cm1;english;anglais_comparatif;Comment dit-on "un rocher est plus long qu'une plume" en anglais ?;Comment dit-on "une plume est plus douce qu'un rocher" en anglais ?;A feather is softer than a rock;A rock is softer than a feather | A feather is smaller than a rock | A feather is lighter than a rock
21154;cm1;english;anglais_comparatif;Comment dit-on "une baleine est plus large qu'un poisson" en anglais ?;Comment dit-on "un poisson est plus court qu'une baleine" en anglais ?;A fish is shorter than a whale;A whale is shorter than a fish | A fish is smaller than a whale | A fish is weaker than a whale
21158;cm1;english;anglais_comparatif;Comment dit-on "un camion est plus large qu'une moto" en anglais ?;Comment dit-on "un camion est plus large qu'une moto" en anglais ?;A truck is wider than a motorbike;A motorbike is wider than a truck | A truck is taller than a motorbike | A truck is bigger than a motorbike
21161;cm1;english;anglais_comparatif;Comment dit-on "un immeuble est plus large qu'une maison" en anglais ?;Comment dit-on "un immeuble est plus large qu'une maison" en anglais ?;A building is wider than a house;A house is wider than a building | A building is taller than a house | A building is bigger than a house
21164;cm1;english;anglais_comparatif;Comment dit-on "un camion est plus propre qu'une moto" en anglais ?;Comment dit-on "une moto est plus courte qu'un camion" en anglais ?;A motorbike is shorter than a truck;A truck is shorter than a motorbike | A motorbike is lighter than a truck | A motorbike is narrower than a truck
21165;cm1;english;anglais_comparatif;Comment dit-on "un ours est plus large qu'un chat" en anglais ?;Comment dit-on "un chat est plus petit qu'un ours" en anglais ?;A cat is smaller than a bear;A bear is smaller than a cat | A cat is lighter than a bear | A cat is weaker than a bear
21167;cm1;english;anglais_article_sport;Comment dit-on "mon sport préféré est ski" en anglais ?;Comment dit-on "mon sport préféré est le ski" en anglais ?;My favourite sport is skiing;My favourite sport is rugby | My favourite sport is golf | My favourite sport is swimming
21168;cm1;english;anglais_comparatif;Comment dit-on "un ours est plus haut qu'un chat" en anglais ?;Comment dit-on "un chat est plus léger qu'un ours" en anglais ?;A cat is lighter than a bear;A bear is lighter than a cat | A cat is weaker than a bear | A cat is smaller than a bear
21169;cm1;english;anglais_comparatif;Comment dit-on "un lion est plus grand qu'un canard" en anglais ?;Comment dit-on "un lion est plus grand qu'un canard" en anglais ?;A lion is bigger than a duck;A duck is bigger than a lion | A lion is louder than a duck | A lion is heavier than a duck
21170;cm1;english;anglais_comparatif;Comment dit-on "un géant est plus long qu'une souris" en anglais ?;Comment dit-on "une souris est plus faible qu'un géant" en anglais ?;A mouse is weaker than a giant;A giant is weaker than a mouse | A mouse is smaller than a giant | A mouse is lighter than a giant
21175;cm1;english;anglais_article_sport;Comment dit-on "mon sport préféré est pêche" en anglais ?;Comment dit-on "mon sport préféré est la pêche" en anglais ?;My favourite sport is fishing;My favourite sport is rugby | My favourite sport is judo | My favourite sport is horse riding
21176;cm1;english;anglais_comparatif;Comment dit-on "un livre est plus dur qu'une feuille" en anglais ?;Comment dit-on "un tigre est plus lourd qu'un chat" en anglais ?;A tiger is heavier than a cat;A cat is heavier than a tiger | A tiger is stronger than a cat | A tiger is bigger than a cat
21178;cm1;english;anglais_comparatif;Comment dit-on "un ours est plus lourd qu'un chat" en anglais ?;Comment dit-on "un ours est plus lourd qu'un chat" en anglais ?;A bear is heavier than a cat;A cat is heavier than a bear | A bear is stronger than a cat | A bear is bigger than a cat
21180;cm1;english;anglais_comparatif;Comment dit-on "un fleuve est plus bruyant qu'un ruisseau" en anglais ?;Comment dit-on "un ruisseau est plus petit qu'un fleuve" en anglais ?;A stream is smaller than a river;A river is smaller than a stream | A stream is narrower than a river | A stream is shorter than a river
21182;cm1;english;anglais_comparatif;Comment dit-on "une tortue est plus propre qu'un lapin" en anglais ?;Comment dit-on "un bus est plus long qu'une voiture" en anglais ?;A bus is longer than a car;A car is longer than a bus | A bus is bigger than a car | A bus is heavier than a car
21184;cm1;english;anglais_comparatif;Comment dit-on "un avion est plus rapide qu'un oiseau" en anglais ?;Comment dit-on "un avion est plus rapide qu'un oiseau" en anglais ?;A plane is faster than a bird;A bird is faster than a plane | A plane is bigger than a bird | A plane is heavier than a bird
21186;cm1;english;anglais_comparatif;Comment dit-on "un ours est plus grand qu'un chat" en anglais ?;Comment dit-on "un ours est plus grand qu'un chat" en anglais ?;A bear is bigger than a cat;A cat is bigger than a bear | A bear is stronger than a cat | A bear is heavier than a cat
21189;cm1;english;anglais_comparatif;Comment dit-on "un livre est plus épais qu'une feuille" en anglais ?;Comment dit-on "un livre est plus épais qu'une feuille" en anglais ?;A book is thicker than a sheet of paper;A sheet of paper is thicker than a book | A book is heavier than a sheet of paper | A book is lighter than a sheet of paper
21190;cm1;english;anglais_comparatif;Comment dit-on "un camion est plus grand qu'une moto" en anglais ?;Comment dit-on "un camion est plus grand qu'une moto" en anglais ?;A truck is bigger than a motorbike;A motorbike is bigger than a truck | A truck is wider than a motorbike | A truck is longer than a motorbike
21191;cm1;english;anglais_comparatif;Comment dit-on "un éléphant est plus propre qu'une souris" en anglais ?;Comment dit-on "une souris est plus légère qu'un éléphant" en anglais ?;A mouse is lighter than an elephant;An elephant is lighter than a mouse | A mouse is weaker than an elephant | A mouse is smaller than an elephant
21193;cm1;english;anglais_comparatif;Comment dit-on "un immeuble est plus long qu'une maison" en anglais ?;Comment dit-on "une bicyclette est plus légère qu'un train" en anglais ?;A bicycle is lighter than a train;A train is lighter than a bicycle | A bicycle is smaller than a train | A bicycle is narrower than a train
21194;cm1;english;anglais_comparatif;Comment dit-on "une tortue est plus haute qu'un lapin" en anglais ?;Comment dit-on "un tigre est plus fort qu'un chat" en anglais ?;A tiger is stronger than a cat;A cat is stronger than a tiger | A tiger is bigger than a cat | A tiger is heavier than a cat
21196;cm1;english;anglais_comparatif;Comment dit-on "un géant est plus lourd qu'une souris" en anglais ?;Comment dit-on "un géant est plus lourd qu'une souris" en anglais ?;A giant is heavier than a mouse;A mouse is heavier than a giant | A giant is louder than a mouse | A giant is stronger than a mouse
21197;cm1;english;anglais_comparatif;Comment dit-on "un cheval est plus large qu'un chien" en anglais ?;Comment dit-on "un chien est plus lent qu'un cheval" en anglais ?;A dog is slower than a horse;A horse is slower than a dog | A dog is weaker than a horse | A dog is lighter than a horse
21203;cm1;english;anglais_comparatif;Comment dit-on "un rocher est plus grand qu'une plume" en anglais ?;Comment dit-on "un rocher est plus grand qu'une plume" en anglais ?;A rock is bigger than a feather;A feather is bigger than a rock | A rock is heavier than a feather | A rock is harder than a feather
21205;cm1;english;anglais_comparatif;Comment dit-on "un éléphant est plus long qu'une souris" en anglais ?;Comment dit-on "une souris est plus faible qu'un éléphant" en anglais ?;A mouse is weaker than an elephant;An elephant is weaker than a mouse | A mouse is smaller than an elephant | A mouse is quieter than an elephant
21206;cm1;english;anglais_comparatif;Comment dit-on "une montagne est plus sèche qu'une colline" en anglais ?;Comment dit-on "un bus est plus lourd qu'une voiture" en anglais ?;A bus is heavier than a car;A car is heavier than a bus | A bus is bigger than a car | A bus is longer than a car
21211;cm1;english;anglais_comparatif;Comment dit-on "un immeuble est plus haut qu'une maison" en anglais ?;Comment dit-on "un immeuble est plus haut qu'une maison" en anglais ?;A building is taller than a house;A house is taller than a building | A building is wider than a house | A building is bigger than a house
21212;cm1;english;anglais_comparatif;Comment dit-on "un train est plus fort qu'une bicyclette" en anglais ?;Comment dit-on "une bicyclette est plus lente qu'un train" en anglais ?;A bicycle is slower than a train;A train is slower than a bicycle | A bicycle is shorter than a train | A bicycle is narrower than a train
21213;cm1;english;anglais_comparatif;Comment dit-on "une voiture est plus grande qu'un vélo" en anglais ?;Comment dit-on "une voiture est plus grande qu'un vélo" en anglais ?;A car is bigger than a bike;A bike is bigger than a car | A car is louder than a bike | A car is wider than a bike
21214;cm1;english;anglais_comparatif;Comment dit-on "un fleuve est plus large qu'un ruisseau" en anglais ?;Comment dit-on "un fleuve est plus large qu'un ruisseau" en anglais ?;A river is wider than a stream;A stream is wider than a river | A river is bigger than a stream | A river is longer than a stream
21215;cm1;english;anglais_comparatif;Comment dit-on "un rocher est plus vieux qu'une plume" en anglais ?;Comment dit-on "un vélo est plus lent qu'une voiture" en anglais ?;A bike is slower than a car;A car is slower than a bike | A bike is lighter than a car | A bike is shorter than a car
21216;cm1;english;anglais_comparatif;Comment dit-on "une montagne est plus vieille qu'une colline" en anglais ?;Comment dit-on "une voiture est plus lente qu'une fusée" en anglais ?;A car is slower than a rocket;A rocket is slower than a car | A car is quieter than a rocket | A car is shorter than a rocket
21220;cm1;english;anglais_comparatif;Comment dit-on "une tortue est plus large qu'un lapin" en anglais ?;Comment dit-on "un arbre est plus haut qu'une fleur" en anglais ?;A tree is taller than a flower;A flower is taller than a tree | A tree is bigger than a flower | A tree is smaller than a flower
21227;cm1;english;anglais_comparatif;Comment dit-on "un géant est plus propre qu'une souris" en anglais ?;Comment dit-on "une souris est plus silencieuse qu'un géant" en anglais ?;A mouse is quieter than a giant;A giant is quieter than a mouse | A mouse is weaker than a giant | A mouse is smaller than a giant
21228;cm1;english;anglais_comparatif;Comment dit-on "un ours est plus propre qu'un chat" en anglais ?;Comment dit-on "un chat est plus faible qu'un ours" en anglais ?;A cat is weaker than a bear;A bear is weaker than a cat | A cat is lighter than a bear | A cat is smaller than a bear
21229;cm1;english;anglais_comparatif;Comment dit-on "un ours est plus fort qu'un chat" en anglais ?;Comment dit-on "un ours est plus fort qu'un chat" en anglais ?;A bear is stronger than a cat;A cat is stronger than a bear | A bear is bigger than a cat | A bear is heavier than a cat
21234;cm1;english;anglais_comparatif;Comment dit-on "un avion est plus propre qu'un oiseau" en anglais ?;Comment dit-on "un oiseau est plus lent qu'un avion" en anglais ?;A bird is slower than a plane;A plane is slower than a bird | A bird is quieter than a plane | A bird is smaller than a plane
21235;cm1;english;anglais_comparatif;Comment dit-on "un train est plus large qu'une bicyclette" en anglais ?;Comment dit-on "un train est plus large qu'une bicyclette" en anglais ?;A train is wider than a bicycle;A bicycle is wider than a train | A train is longer than a bicycle | A train is bigger than a bicycle
21236;cm1;english;anglais_article_sport;Comment dit-on "mon sport préféré est volley" en anglais ?;Comment dit-on "mon sport préféré est le volley" en anglais ?;My favourite sport is volleyball;My favourite sport is skating | My favourite sport is skiing | My favourite sport is judo
21237;cm1;english;anglais_comparatif;Comment dit-on "un camion est plus haut qu'une moto" en anglais ?;Comment dit-on "un camion est plus haut qu'une moto" en anglais ?;A truck is taller than a motorbike;A motorbike is taller than a truck | A truck is wider than a motorbike | A truck is bigger than a motorbike
21241;cm1;english;anglais_comparatif;Comment dit-on "une tortue est plus lourde qu'un lapin" en anglais ?;Comment dit-on "un vélo est plus court qu'une voiture" en anglais ?;A bike is shorter than a car;A car is shorter than a bike | A bike is narrower than a car | A bike is quieter than a car
21243;cm1;english;anglais_comparatif;Comment dit-on "un livre est plus long qu'une feuille" en anglais ?;Comment dit-on "une bicyclette est plus courte qu'un train" en anglais ?;A bicycle is shorter than a train;A train is shorter than a bicycle | A bicycle is smaller than a train | A bicycle is narrower than a train
21244;cm1;english;anglais_comparatif;Comment dit-on "une voiture est plus propre qu'un vélo" en anglais ?;Comment dit-on "un vélo est plus étroit qu'une voiture" en anglais ?;A bike is narrower than a car;A car is narrower than a bike | A bike is smaller than a car | A bike is lighter than a car
21245;cm1;english;anglais_comparatif;Comment dit-on "un lion est plus haut qu'un canard" en anglais ?;Comment dit-on "une voiture est plus légère qu'une fusée" en anglais ?;A car is lighter than a rocket;A rocket is lighter than a car | A car is quieter than a rocket | A car is slower than a rocket
21248;cm1;english;anglais_comparatif;Comment dit-on "une voiture est plus large qu'un vélo" en anglais ?;Comment dit-on "une voiture est plus large qu'un vélo" en anglais ?;A car is wider than a bike;A bike is wider than a car | A car is louder than a bike | A car is faster than a bike
21250;cm1;english;anglais_comparatif;Comment dit-on "une montagne est plus haute qu'une colline" en anglais ?;Comment dit-on "une montagne est plus haute qu'une colline" en anglais ?;A mountain is higher than a hill;A hill is higher than a mountain | A mountain is bigger than a hill | A mountain is lower than a hill
21252;cm1;english;anglais_comparatif;Comment dit-on "un avion est plus lourd qu'un oiseau" en anglais ?;Comment dit-on "un avion est plus lourd qu'un oiseau" en anglais ?;A plane is heavier than a bird;A bird is heavier than a plane | A plane is louder than a bird | A plane is faster than a bird
21253;cm1;english;anglais_comparatif;Comment dit-on "un avion est plus large qu'un oiseau" en anglais ?;Comment dit-on "un oiseau est plus silencieux qu'un avion" en anglais ?;A bird is quieter than a plane;A plane is quieter than a bird | A bird is smaller than a plane | A bird is lighter than a plane
21254;cm1;english;anglais_comparatif;Comment dit-on "un rocher est plus lourd qu'une plume" en anglais ?;Comment dit-on "un rocher est plus lourd qu'une plume" en anglais ?;A rock is heavier than a feather;A feather is heavier than a rock | A rock is bigger than a feather | A rock is harder than a feather
21255;cm1;english;anglais_comparatif;Comment dit-on "un géant est plus fort qu'une souris" en anglais ?;Comment dit-on "un géant est plus fort qu'une souris" en anglais ?;A giant is stronger than a mouse;A mouse is stronger than a giant | A giant is bigger than a mouse | A giant is heavier than a mouse
21257;cm1;english;anglais_comparatif;Comment dit-on "un ours est plus long qu'un chat" en anglais ?;Comment dit-on "un chat est plus petit qu'un tigre" en anglais ?;A cat is smaller than a tiger;A tiger is smaller than a cat | A cat is lighter than a tiger | A cat is weaker than a tiger
21260;cm1;english;anglais_comparatif;Comment dit-on "une souris est plus calme qu'un éléphant" en anglais ?;Comment dit-on "une souris est plus calme qu'un éléphant" en anglais ?;A mouse is quieter than an elephant;An elephant is quieter than a mouse | A mouse is lighter than an elephant | A mouse is smaller than an elephant
21447;cm1;english;anglais_comparatif;Comment dit-on "un lion est plus bruyant qu'un canard" en anglais ?;Comment dit-on "un lion est plus bruyant qu'un canard" en anglais ?;A lion is louder than a duck;A duck is louder than a lion | A lion is bigger than a duck | A lion is stronger than a duck
21448;cm1;english;anglais_comparatif;Comment dit-on "un camion est plus long qu'une moto" en anglais ?;Comment dit-on "un camion est plus long qu'une moto" en anglais ?;A truck is longer than a motorbike;A motorbike is longer than a truck | A truck is wider than a motorbike | A truck is heavier than a motorbike
21449;cm1;english;anglais_comparatif;Comment dit-on "un train est plus bruyant qu'une bicyclette" en anglais ?;Comment dit-on "un train est plus bruyant qu'une bicyclette" en anglais ?;A train is louder than a bicycle;A bicycle is louder than a train | A train is wider than a bicycle | A train is faster than a bicycle
21450;cm1;english;anglais_comparatif;Comment dit-on "un éléphant est plus haut qu'une souris" en anglais ?;Comment dit-on "une voiture est plus petite qu'un bus" en anglais ?;A car is smaller than a bus;A bus is smaller than a car | A car is shorter than a bus | A car is lighter than a bus
21453;cm1;english;anglais_comparatif;Comment dit-on "un rocher est plus fort qu'une plume" en anglais ?;Comment dit-on "un arbre est plus grand qu'une fleur" en anglais ?;A tree is bigger than a flower;A flower is bigger than a tree | A tree is taller than a flower | A tree is smaller than a flower
21454;cm1;english;anglais_comparatif;Comment dit-on "une baleine est plus propre qu'un poisson" en anglais ?;Comment dit-on "un poisson est plus faible qu'une baleine" en anglais ?;A fish is weaker than a whale;A whale is weaker than a fish | A fish is shorter than a whale | A fish is lighter than a whale
21455;cm1;english;anglais_comparatif;Comment dit-on "une montagne est plus grande qu'une colline" en anglais ?;Comment dit-on "une montagne est plus grande qu'une colline" en anglais ?;A mountain is bigger than a hill;A hill is bigger than a mountain | A mountain is higher than a hill | A mountain is lower than a hill
21456;cm1;english;anglais_comparatif;Comment dit-on "un fleuve est plus lourd qu'un ruisseau" en anglais ?;Comment dit-on "une bicyclette est plus étroite qu'un train" en anglais ?;A bicycle is narrower than a train;A train is narrower than a bicycle | A bicycle is smaller than a train | A bicycle is shorter than a train
21462;cm1;english;anglais_comparatif;Comment dit-on "un lion est plus lourd qu'un canard" en anglais ?;Comment dit-on "un lion est plus lourd qu'un canard" en anglais ?;A lion is heavier than a duck;A duck is heavier than a lion | A lion is stronger than a duck | A lion is bigger than a duck
21463;cm1;english;anglais_comparatif;Comment dit-on "un ours est plus bruyant qu'un chat" en anglais ?;Comment dit-on "une voiture est plus courte qu'une fusée" en anglais ?;A car is shorter than a rocket;A rocket is shorter than a car | A car is slower than a rocket | A car is quieter than a rocket
21464;cm1;english;anglais_comparatif;Comment dit-on "un train est plus rapide qu'une bicyclette" en anglais ?;Comment dit-on "un train est plus rapide qu'une bicyclette" en anglais ?;A train is faster than a bicycle;A bicycle is faster than a train | A train is longer than a bicycle | A train is wider than a bicycle
21466;cm1;english;anglais_comparatif;Comment dit-on "une montagne est plus large qu'une colline" en anglais ?;Comment dit-on "un chat est plus léger qu'un tigre" en anglais ?;A cat is lighter than a tiger;A tiger is lighter than a cat | A cat is weaker than a tiger | A cat is smaller than a tiger
21467;cm1;english;anglais_comparatif;Comment dit-on "un immeuble est plus fort qu'une maison" en anglais ?;Comment dit-on "une voiture est plus courte qu'un bus" en anglais ?;A car is shorter than a bus;A bus is shorter than a car | A car is smaller than a bus | A car is lighter than a bus
21468;cm1;english;anglais_comparatif;Comment dit-on "une voiture est plus bruyante qu'un vélo" en anglais ?;Comment dit-on "une voiture est plus bruyante qu'un vélo" en anglais ?;A car is louder than a bike;A bike is louder than a car | A car is bigger than a bike | A car is heavier than a bike
21471;cm1;english;anglais_comparatif;Comment dit-on "un train est plus lourd qu'une bicyclette" en anglais ?;Comment dit-on "un train est plus lourd qu'une bicyclette" en anglais ?;A train is heavier than a bicycle;A bicycle is heavier than a train | A train is bigger than a bicycle | A train is louder than a bicycle
21472;cm1;english;anglais_comparatif;Comment dit-on "un éléphant est plus bruyant qu'une souris" en anglais ?;Comment dit-on "un éléphant est plus bruyant qu'une souris" en anglais ?;An elephant is louder than a mouse;A mouse is louder than an elephant | An elephant is stronger than a mouse | An elephant is bigger than a mouse
21473;cm1;english;anglais_comparatif;Comment dit-on "un cheval est plus haut qu'un chien" en anglais ?;Comment dit-on "un chien est plus faible qu'un cheval" en anglais ?;A dog is weaker than a horse;A horse is weaker than a dog | A dog is slower than a horse | A dog is lighter than a horse
21475;cm1;english;anglais_comparatif;Comment dit-on "un immeuble est plus épais qu'une maison" en anglais ?;Comment dit-on "un vélo est plus silencieux qu'une voiture" en anglais ?;A bike is quieter than a car;A car is quieter than a bike | A bike is slower than a car | A bike is narrower than a car
22000;cm2;english;anglais_did_sport;Comment dit-on "j'ai fait de la gymnastique le week-end dernier" en anglais ?;Comment dit-on "j'ai fait de la gymnastique le week-end dernier" en anglais ?;I did gymnastics last weekend;I played volleyball last weekend | I played rugby last weekend | I played tennis last weekend
22002;cm2;english;anglais_comparatif;Comment dit-on "un fleuve est plus large qu'un ruisseau" en anglais ?;Comment dit-on "un fleuve est plus large qu'un ruisseau" en anglais ?;A river is wider than a stream;A stream is wider than a river | A river is bigger than a stream | A river is deeper than a stream
22011;cm2;english;anglais_comparatif;Comment dit-on "un camion est plus grand qu'une moto" en anglais ?;Comment dit-on "un camion est plus grand qu'une moto" en anglais ?;A truck is bigger than a motorbike;A motorbike is bigger than a truck | A truck is taller than a motorbike | A truck is longer than a motorbike
22016;cm2;english;anglais_comparatif;Comment dit-on "un train est plus long qu'une bicyclette" en anglais ?;Comment dit-on "un train est plus long qu'une bicyclette" en anglais ?;A train is longer than a bicycle;A bicycle is longer than a train | A train is bigger than a bicycle | A train is louder than a bicycle
22023;cm2;english;anglais_did_sport;Comment dit-on "j'ai fait de la pêche le week-end dernier" en anglais ?;Comment dit-on "j'ai fait de la pêche le week-end dernier" en anglais ?;I went fishing last weekend;I went climbing last weekend | I went skating last weekend | I played volleyball last weekend
22027;cm2;english;anglais_comparatif;Comment dit-on "un train est plus bruyant qu'une bicyclette" en anglais ?;Comment dit-on "un train est plus bruyant qu'une bicyclette" en anglais ?;A train is louder than a bicycle;A bicycle is louder than a train | A train is wider than a bicycle | A train is bigger than a bicycle
22035;cm2;english;anglais_comparatif;Comment dit-on "un livre est plus propre qu'une feuille" en anglais ?;Comment dit-on "une feuille est plus légère qu'un livre" en anglais ?;A sheet of paper is lighter than a book;A book is lighter than a sheet of paper | A sheet of paper is thinner than a book | A sheet of paper is heavier than a book
22036;cm2;english;anglais_comparatif;Comment dit-on "un camion est plus bruyant qu'une moto" en anglais ?;Comment dit-on "une moto est plus petite qu'un camion" en anglais ?;A motorbike is smaller than a truck;A truck is smaller than a motorbike | A motorbike is lighter than a truck | A motorbike is shorter than a truck
22038;cm2;english;anglais_comparatif;Comment dit-on "un camion est plus fort qu'une moto" en anglais ?;Comment dit-on "une moto est plus légère qu'un camion" en anglais ?;A motorbike is lighter than a truck;A truck is lighter than a motorbike | A motorbike is smaller than a truck | A motorbike is shorter than a truck
22039;cm2;english;anglais_comparatif;Comment dit-on "une fusée est plus rapide qu'une voiture" en anglais ?;Comment dit-on "une fusée est plus rapide qu'une voiture" en anglais ?;A rocket is faster than a car;A car is faster than a rocket | A rocket is longer than a car | A rocket is taller than a car
22040;cm2;english;anglais_comparatif;Comment dit-on "une montagne est plus lourde qu'une colline" en anglais ?;Comment dit-on "une colline est plus petite qu'une montagne" en anglais ?;A hill is smaller than a mountain;A mountain is smaller than a hill | A hill is lower than a mountain | A hill is bigger than a mountain
22050;cm2;english;anglais_comparatif;Comment dit-on "un rocher est plus fort qu'une plume" en anglais ?;Comment dit-on "une plume est plus légère qu'un rocher" en anglais ?;A feather is lighter than a rock;A rock is lighter than a feather | A feather is softer than a rock | A feather is smaller than a rock
22053;cm2;english;anglais_comparatif;Comment dit-on "un fleuve est plus long qu'un ruisseau" en anglais ?;Comment dit-on "un fleuve est plus long qu'un ruisseau" en anglais ?;A river is longer than a stream;A stream is longer than a river | A river is bigger than a stream | A river is wider than a stream
22064;cm2;english;anglais_comparatif;Comment dit-on "une montagne est plus haute qu'une colline" en anglais ?;Comment dit-on "une montagne est plus haute qu'une colline" en anglais ?;A mountain is higher than a hill;A hill is higher than a mountain | A mountain is bigger than a hill | A mountain is smaller than a hill
22066;cm2;english;anglais_comparatif;Comment dit-on "un immeuble est plus fort qu'une maison" en anglais ?;Comment dit-on "une maison est plus petite qu'un immeuble" en anglais ?;A house is smaller than a building;A building is smaller than a house | A house is bigger than a building | A house is wider than a building
22068;cm2;english;anglais_comparatif;Comment dit-on "un immeuble est plus grand qu'une maison" en anglais ?;Comment dit-on "un immeuble est plus grand qu'une maison" en anglais ?;A building is bigger than a house;A house is bigger than a building | A building is wider than a house | A building is taller than a house
22074;cm2;english;anglais_comparatif;Comment dit-on "un livre est plus lourd qu'une feuille" en anglais ?;Comment dit-on "un livre est plus lourd qu'une feuille" en anglais ?;A book is heavier than a sheet of paper;A sheet of paper is heavier than a book | A book is thicker than a sheet of paper | A book is lighter than a sheet of paper
22078;cm2;english;anglais_comparatif;Comment dit-on "un rocher est plus sec qu'une plume" en anglais ?;Comment dit-on "une plume est plus petite qu'un rocher" en anglais ?;A feather is smaller than a rock;A rock is smaller than a feather | A feather is lighter than a rock | A feather is softer than a rock
22081;cm2;english;anglais_comparatif;Comment dit-on "un livre est plus large qu'une feuille" en anglais ?;Comment dit-on "une feuille est plus fine qu'un livre" en anglais ?;A sheet of paper is thinner than a book;A book is thinner than a sheet of paper | A sheet of paper is lighter than a book | A sheet of paper is thicker than a book
22088;cm2;english;anglais_did_sport;Comment dit-on "j'ai fait du golf le week-end dernier" en anglais ?;Comment dit-on "j'ai fait du golf le week-end dernier" en anglais ?;I played golf last weekend;I played tennis last weekend | I went horse riding last weekend | I went skating last weekend
22094;cm2;english;anglais_comparatif;Comment dit-on "un rocher est plus long qu'une plume" en anglais ?;Comment dit-on "une plume est plus douce qu'un rocher" en anglais ?;A feather is softer than a rock;A rock is softer than a feather | A feather is lighter than a rock | A feather is smaller than a rock
22095;cm2;english;anglais_comparatif;Comment dit-on "un camion est plus long qu'une moto" en anglais ?;Comment dit-on "un camion est plus long qu'une moto" en anglais ?;A truck is longer than a motorbike;A motorbike is longer than a truck | A truck is taller than a motorbike | A truck is wider than a motorbike
22098;cm2;english;anglais_comparatif;Comment dit-on "un train est plus rapide qu'une bicyclette" en anglais ?;Comment dit-on "un train est plus rapide qu'une bicyclette" en anglais ?;A train is faster than a bicycle;A bicycle is faster than a train | A train is heavier than a bicycle | A train is longer than a bicycle
22099;cm2;english;anglais_comparatif;Comment dit-on "un immeuble est plus lourd qu'une maison" en anglais ?;Comment dit-on "une voiture est plus grande qu'un vélo" en anglais ?;A car is bigger than a bike;A bike is bigger than a car | A car is longer than a bike | A car is wider than a bike
22106;cm2;english;anglais_comparatif;Comment dit-on "un camion est plus haut qu'une moto" en anglais ?;Comment dit-on "un camion est plus haut qu'une moto" en anglais ?;A truck is taller than a motorbike;A motorbike is taller than a truck | A truck is longer than a motorbike | A truck is heavier than a motorbike
22114;cm2;english;anglais_comparatif;Comment dit-on "une montagne est plus vieille qu'une colline" en anglais ?;Comment dit-on "une colline est plus basse qu'une montagne" en anglais ?;A hill is lower than a mountain;A mountain is lower than a hill | A hill is smaller than a mountain | A hill is higher than a mountain
22115;cm2;english;anglais_comparatif;Comment dit-on "une fusée est plus haute qu'une voiture" en anglais ?;Comment dit-on "une fusée est plus haute qu'une voiture" en anglais ?;A rocket is taller than a car;A car is taller than a rocket | A rocket is longer than a car | A rocket is heavier than a car
22117;cm2;english;anglais_comparatif;Comment dit-on "un livre est plus grand qu'une feuille" en anglais ?;Comment dit-on "une voiture est plus lourde qu'un vélo" en anglais ?;A car is heavier than a bike;A bike is heavier than a car | A car is faster than a bike | A car is longer than a bike
22124;cm2;english;anglais_did_sport;Comment dit-on "j'ai fait du volley le week-end dernier" en anglais ?;Comment dit-on "j'ai fait du volley le week-end dernier" en anglais ?;I played volleyball last weekend;I went horse riding last weekend | I went skiing last weekend | I went swimming last weekend
22126;cm2;english;anglais_comparatif;Comment dit-on "un fleuve est plus fort qu'un ruisseau" en anglais ?;Comment dit-on "un ruisseau est plus court qu'un fleuve" en anglais ?;A stream is shorter than a river;A river is shorter than a stream | A stream is narrower than a river | A stream is smaller than a river
22133;cm2;english;anglais_comparatif;Comment dit-on "une montagne est plus large qu'une colline" en anglais ?;Comment dit-on "une voiture est plus rapide qu'un vélo" en anglais ?;A car is faster than a bike;A bike is faster than a car | A car is wider than a bike | A car is bigger than a bike
22136;cm2;english;anglais_did_sport;Comment dit-on "j'ai fait de l'escalade le week-end dernier" en anglais ?;Comment dit-on "j'ai fait de l'escalade le week-end dernier" en anglais ?;I went climbing last weekend;I played tennis last weekend | I went skating last weekend | I did gymnastics last weekend
22140;cm2;english;anglais_comparatif;Comment dit-on "un camion est plus lourd qu'une moto" en anglais ?;Comment dit-on "un camion est plus lourd qu'une moto" en anglais ?;A truck is heavier than a motorbike;A motorbike is heavier than a truck | A truck is taller than a motorbike | A truck is wider than a motorbike
22141;cm2;english;anglais_comparatif;Comment dit-on "une fusée est plus lourde qu'une voiture" en anglais ?;Comment dit-on "une fusée est plus lourde qu'une voiture" en anglais ?;A rocket is heavier than a car;A car is heavier than a rocket | A rocket is louder than a car | A rocket is faster than a car
22142;cm2;english;anglais_comparatif;Comment dit-on "un livre est plus épais qu'une feuille" en anglais ?;Comment dit-on "un livre est plus épais qu'une feuille" en anglais ?;A book is thicker than a sheet of paper;A sheet of paper is thicker than a book | A book is heavier than a sheet of paper | A book is thinner than a sheet of paper
22144;cm2;english;anglais_did_sport;Comment dit-on "j'ai fait de l'équitation le week-end dernier" en anglais ?;Comment dit-on "j'ai fait de l'équitation le week-end dernier" en anglais ?;I went horse riding last weekend;I did gymnastics last weekend | I went swimming last weekend | I did judo last weekend
22145;cm2;english;anglais_comparatif;Comment dit-on "un immeuble est plus large qu'une maison" en anglais ?;Comment dit-on "un immeuble est plus large qu'une maison" en anglais ?;A building is wider than a house;A house is wider than a building | A building is taller than a house | A building is bigger than a house
22146;cm2;english;anglais_comparatif;Comment dit-on "un train est plus haut qu'une bicyclette" en anglais ?;Comment dit-on "un train est plus haut qu'une bicyclette" en anglais ?;A train is taller than a bicycle;A bicycle is taller than a train | A train is bigger than a bicycle | A train is heavier than a bicycle
22149;cm2;english;anglais_comparatif;Comment dit-on "une fusée est plus longue qu'une voiture" en anglais ?;Comment dit-on "une fusée est plus longue qu'une voiture" en anglais ?;A rocket is longer than a car;A car is longer than a rocket | A rocket is louder than a car | A rocket is taller than a car
22153;cm2;english;anglais_comparatif;Comment dit-on "un immeuble est plus épais qu'une maison" en anglais ?;Comment dit-on "une voiture est plus longue qu'un vélo" en anglais ?;A car is longer than a bike;A bike is longer than a car | A car is bigger than a bike | A car is faster than a bike
22158;cm2;english;anglais_did_sport;Comment dit-on "j'ai fait du ski le week-end dernier" en anglais ?;Comment dit-on "j'ai fait du ski le week-end dernier" en anglais ?;I went skiing last weekend;I went skating last weekend | I did judo last weekend | I played rugby last weekend
22164;cm2;english;anglais_comparatif;Comment dit-on "un fleuve est plus propre qu'un ruisseau" en anglais ?;Comment dit-on "un ruisseau est plus étroit qu'un fleuve" en anglais ?;A stream is narrower than a river;A river is narrower than a stream | A stream is shorter than a river | A stream is smaller than a river
22171;cm2;english;anglais_comparatif;Comment dit-on "une fusée est plus large qu'une voiture" en anglais ?;Comment dit-on "une voiture est plus lente qu'une fusée" en anglais ?;A car is slower than a rocket;A rocket is slower than a car | A car is shorter than a rocket | A car is lighter than a rocket
22172;cm2;english;anglais_comparatif;Comment dit-on "un immeuble est plus propre qu'une maison" en anglais ?;Comment dit-on "un cheval est plus grand qu'un chien" en anglais ?;A horse is bigger than a dog;A dog is bigger than a horse | A horse is stronger than a dog | A horse is heavier than a dog
22178;cm2;english;anglais_comparatif;Comment dit-on "un train est plus large qu'une bicyclette" en anglais ?;Comment dit-on "un train est plus large qu'une bicyclette" en anglais ?;A train is wider than a bicycle;A bicycle is wider than a train | A train is louder than a bicycle | A train is longer than a bicycle
22182;cm2;english;anglais_comparatif;Comment dit-on "une montagne est plus dure qu'une colline" en anglais ?;Comment dit-on "une voiture est plus large qu'un vélo" en anglais ?;A car is wider than a bike;A bike is wider than a car | A car is louder than a bike | A car is faster than a bike
22183;cm2;english;anglais_comparatif;Comment dit-on "une fusée est plus bruyante qu'une voiture" en anglais ?;Comment dit-on "une fusée est plus bruyante qu'une voiture" en anglais ?;A rocket is louder than a car;A car is louder than a rocket | A rocket is faster than a car | A rocket is longer than a car
22193;cm2;english;anglais_comparatif;Comment dit-on "un livre est plus vieux qu'une feuille" en anglais ?;Comment dit-on "un éléphant est plus grand qu'une souris" en anglais ?;An elephant is bigger than a mouse;A mouse is bigger than an elephant | An elephant is heavier than a mouse | An elephant is stronger than a mouse
22195;cm2;english;anglais_comparatif;Comment dit-on "un livre est plus long qu'une feuille" en anglais ?;Comment dit-on "une baleine est plus grande qu'un poisson" en anglais ?;A whale is bigger than a fish;A fish is bigger than a whale | A whale is stronger than a fish | A whale is longer than a fish
22199;cm2;english;anglais_comparatif;Comment dit-on "une fusée est plus propre qu'une voiture" en anglais ?;Comment dit-on "une voiture est plus légère qu'une fusée" en anglais ?;A car is lighter than a rocket;A rocket is lighter than a car | A car is shorter than a rocket | A car is slower than a rocket
22206;cm2;english;anglais_comparatif;Comment dit-on "un train est plus propre qu'une bicyclette" en anglais ?;Comment dit-on "un train est plus grand qu'une bicyclette" en anglais ?;A train is bigger than a bicycle;A bicycle is bigger than a train | A train is louder than a bicycle | A train is faster than a bicycle
22219;cm2;english;anglais_comparatif;Comment dit-on "un livre est plus dur qu'une feuille" en anglais ?;Comment dit-on "un avion est plus grand qu'un oiseau" en anglais ?;A plane is bigger than a bird;A bird is bigger than a plane | A plane is heavier than a bird | A plane is faster than a bird
22225;cm2;english;anglais_comparatif;Comment dit-on "un rocher est plus lourd qu'une plume" en anglais ?;Comment dit-on "un rocher est plus lourd qu'une plume" en anglais ?;A rock is heavier than a feather;A feather is heavier than a rock | A rock is harder than a feather | A rock is bigger than a feather
22228;cm2;english;anglais_comparatif;Comment dit-on "un rocher est plus épais qu'une plume" en anglais ?;Comment dit-on "un géant est plus grand qu'une souris" en anglais ?;A giant is bigger than a mouse;A mouse is bigger than a giant | A giant is louder than a mouse | A giant is stronger than a mouse
22229;cm2;english;anglais_did_sport;Comment dit-on "j'ai fait du tennis le week-end dernier" en anglais ?;Comment dit-on "j'ai fait du tennis le week-end dernier" en anglais ?;I played tennis last weekend;I did judo last weekend | I played volleyball last weekend | I went horse riding last weekend
22232;cm2;english;anglais_comparatif;Comment dit-on "un immeuble est plus haut qu'une maison" en anglais ?;Comment dit-on "un immeuble est plus haut qu'une maison" en anglais ?;A building is taller than a house;A house is taller than a building | A building is bigger than a house | A building is wider than a house
22233;cm2;english;anglais_comparatif;Comment dit-on "un camion est plus propre qu'une moto" en anglais ?;Comment dit-on "une moto est plus courte qu'un camion" en anglais ?;A motorbike is shorter than a truck;A truck is shorter than a motorbike | A motorbike is narrower than a truck | A motorbike is lighter than a truck
22235;cm2;english;anglais_did_sport;Comment dit-on "j'ai fait du rugby le week-end dernier" en anglais ?;Comment dit-on "j'ai fait du rugby le week-end dernier" en anglais ?;I played rugby last weekend;I played golf last weekend | I went skating last weekend | I played tennis last weekend
22240;cm2;english;anglais_comparatif;Comment dit-on "une montagne est plus sèche qu'une colline" en anglais ?;Comment dit-on "un cheval est plus lourd qu'un chien" en anglais ?;A horse is heavier than a dog;A dog is heavier than a horse | A horse is faster than a dog | A horse is stronger than a dog
22243;cm2;english;anglais_comparatif;Comment dit-on "un fleuve est plus lourd qu'un ruisseau" en anglais ?;Comment dit-on "un ruisseau est plus petit qu'un fleuve" en anglais ?;A stream is smaller than a river;A river is smaller than a stream | A stream is narrower than a river | A stream is shorter than a river
22244;cm2;english;anglais_comparatif;Comment dit-on "un fleuve est plus bruyant qu'un ruisseau" en anglais ?;Comment dit-on "une voiture est plus bruyante qu'un vélo" en anglais ?;A car is louder than a bike;A bike is louder than a car | A car is bigger than a bike | A car is longer than a bike
22249;cm2;english;anglais_comparatif;Comment dit-on "une montagne est plus grande qu'une colline" en anglais ?;Comment dit-on "une montagne est plus grande qu'une colline" en anglais ?;A mountain is bigger than a hill;A hill is bigger than a mountain | A mountain is higher than a hill | A mountain is smaller than a hill
22253;cm2;english;anglais_comparatif;Comment dit-on "un camion est plus large qu'une moto" en anglais ?;Comment dit-on "un camion est plus large qu'une moto" en anglais ?;A truck is wider than a motorbike;A motorbike is wider than a truck | A truck is longer than a motorbike | A truck is bigger than a motorbike
22255;cm2;english;anglais_comparatif;Comment dit-on "un rocher est plus vieux qu'une plume" en anglais ?;Comment dit-on "un éléphant est plus lourd qu'une souris" en anglais ?;An elephant is heavier than a mouse;A mouse is heavier than an elephant | An elephant is bigger than a mouse | An elephant is louder than a mouse
22256;cm2;english;anglais_comparatif;Comment dit-on "un train est plus fort qu'une bicyclette" en anglais ?;Comment dit-on "une bicyclette est plus petite qu'un train" en anglais ?;A bicycle is smaller than a train;A train is smaller than a bicycle | A bicycle is quieter than a train | A bicycle is lighter than a train
22258;cm2;english;anglais_comparatif;Comment dit-on "une fusée est plus chaude qu'une voiture" en anglais ?;Comment dit-on "une voiture est plus courte qu'une fusée" en anglais ?;A car is shorter than a rocket;A rocket is shorter than a car | A car is quieter than a rocket | A car is lighter than a rocket
22261;cm2;english;anglais_comparatif;Comment dit-on "un rocher est plus grand qu'une plume" en anglais ?;Comment dit-on "un rocher est plus grand qu'une plume" en anglais ?;A rock is bigger than a feather;A feather is bigger than a rock | A rock is harder than a feather | A rock is heavier than a feather
22263;cm2;english;anglais_comparatif;Comment dit-on "une montagne est plus longue qu'une colline" en anglais ?;Comment dit-on "un lion est plus grand qu'un canard" en anglais ?;A lion is bigger than a duck;A duck is bigger than a lion | A lion is stronger than a duck | A lion is louder than a duck
22266;cm2;english;anglais_comparatif;Comment dit-on "un immeuble est plus long qu'une maison" en anglais ?;Comment dit-on "une baleine est plus lourde qu'un poisson" en anglais ?;A whale is heavier than a fish;A fish is heavier than a whale | A whale is stronger than a fish | A whale is bigger than a fish
22271;cm2;english;anglais_did_sport;Comment dit-on "j'ai fait de la natation le week-end dernier" en anglais ?;Comment dit-on "j'ai fait de la natation le week-end dernier" en anglais ?;I went swimming last weekend;I went climbing last weekend | I played rugby last weekend | I went skating last weekend
22272;cm2;english;anglais_comparatif;Comment dit-on "un rocher est plus dur qu'une plume" en anglais ?;Comment dit-on "un rocher est plus dur qu'une plume" en anglais ?;A rock is harder than a feather;A feather is harder than a rock | A rock is heavier than a feather | A rock is bigger than a feather
22276;cm2;english;anglais_comparatif;Comment dit-on "un train est plus lourd qu'une bicyclette" en anglais ?;Comment dit-on "un train est plus lourd qu'une bicyclette" en anglais ?;A train is heavier than a bicycle;A bicycle is heavier than a train | A train is bigger than a bicycle | A train is longer than a bicycle
22278;cm2;english;anglais_did_sport;Comment dit-on "j'ai fait du patinage le week-end dernier" en anglais ?;Comment dit-on "j'ai fait du patinage le week-end dernier" en anglais ?;I went skating last weekend;I went swimming last weekend | I played volleyball last weekend | I played golf last weekend
22282;cm2;english;anglais_comparatif;Comment dit-on "un fleuve est plus grand qu'un ruisseau" en anglais ?;Comment dit-on "un fleuve est plus grand qu'un ruisseau" en anglais ?;A river is bigger than a stream;A stream is bigger than a river | A river is wider than a stream | A river is longer than a stream
22287;cm2;english;anglais_did_sport;Comment dit-on "j'ai fait du judo le week-end dernier" en anglais ?;Comment dit-on "j'ai fait du judo le week-end dernier" en anglais ?;I did judo last weekend;I did gymnastics last weekend | I played volleyball last weekend | I went horse riding last weekend
22295;cm2;english;anglais_comparatif;Comment dit-on "un fleuve est plus profond qu'un ruisseau" en anglais ?;Comment dit-on "un fleuve est plus profond qu'un ruisseau" en anglais ?;A river is deeper than a stream;A stream is deeper than a river | A river is longer than a stream | A river is bigger than a stream
42164;ce2;logique;logique_rencontre;Tous les lapins sont des animaux. Zoé a rencontré un lapin. C'est donc…;Tous les lapins sont des animaux. Zoé a vu un lapin. C'est donc…;un animal;un instrument de musique | un véhicule | un fruit
42165;ce2;logique;logique_rencontre;Tous les chiens sont des animaux. Léna a rencontré un chien. C'est donc…;Tous les chiens sont des animaux. Léna a vu un chien. C'est donc…;un animal;un légume | une fleur | un instrument de musique
42166;ce2;logique;logique_rencontre;Tous les poissons sont des animaux. Lina a rencontré un poisson. C'est donc…;Tous les poissons sont des animaux. Lina a vu un poisson. C'est donc…;un animal;un fruit | un légume | un véhicule
42167;ce2;logique;logique_rencontre;Tous les bus sont des véhicules. Adam a rencontré un bus. C'est donc…;Tous les bus sont des véhicules. Adam a vu un bus. C'est donc…;un véhicule;un légume | un animal | une fleur
42168;ce2;logique;logique_rencontre;Tous les oiseaux sont des animaux. Jade a rencontré un oiseau. C'est donc…;Tous les oiseaux sont des animaux. Jade a vu un oiseau. C'est donc…;un animal;un fruit | un instrument de musique | une fleur
42172;ce2;logique;logique_rencontre;Tous les vélos sont des véhicules. Hugo a rencontré un vélo. C'est donc…;Tous les vélos sont des véhicules. Hugo a vu un vélo. C'est donc…;un véhicule;un légume | un animal | un instrument de musique
42173;ce2;logique;logique_rencontre;Tous les citrons sont des fruits. Mia a rencontré un citron. C'est donc…;Tous les citrons sont des fruits. Mia a vu un citron. C'est donc…;un fruit;une fleur | un véhicule | un légume
42174;ce2;logique;logique_rencontre;Tous les tournesols sont des fleurs. Sacha a rencontré un tournesol. C'est donc…;Tous les tournesols sont des fleurs. Sacha a vu un tournesol. C'est donc…;une fleur;un fruit | un instrument de musique | un véhicule
42175;ce2;logique;logique_rencontre;Tous les chats sont des animaux. Léa a rencontré un chat. C'est donc…;Tous les chats sont des animaux. Léa a vu un chat. C'est donc…;un animal;un instrument de musique | un véhicule | une fleur
42180;ce2;logique;logique_rencontre;Tous les pianos sont des instruments de musique. Camille a rencontré un piano. C'est donc…;Tous les pianos sont des instruments de musique. Camille a vu un piano. C'est donc…;un instrument de musique;une fleur | un animal | un légume
42183;ce2;logique;logique_rencontre;Tous les camions sont des véhicules. Nolan a rencontré un camion. C'est donc…;Tous les camions sont des véhicules. Nolan a vu un camion. C'est donc…;un véhicule;une fleur | un instrument de musique | un légume
42184;ce2;logique;logique_rencontre;Tous les poireaux sont des légumes. Léna a rencontré un poireau. C'est donc…;Tous les poireaux sont des légumes. Léna a vu un poireau. C'est donc…;un légume;une fleur | un véhicule | un instrument de musique
42185;ce2;logique;logique_rencontre;Tous les lions sont des animaux. Nina a rencontré un lion. C'est donc…;Tous les lions sont des animaux. Nina a vu un lion. C'est donc…;un animal;une fleur | un fruit | un véhicule
42186;ce2;logique;logique_rencontre;Tous les chevaux sont des animaux. Enzo a rencontré un cheval. C'est donc…;Tous les chevaux sont des animaux. Enzo a vu un cheval. C'est donc…;un animal;un instrument de musique | un légume | un fruit
42187;ce2;logique;logique_rencontre;Tous les renards sont des animaux. Tom a rencontré un renard. C'est donc…;Tous les renards sont des animaux. Tom a vu un renard. C'est donc…;un animal;un véhicule | une fleur | un instrument de musique
42189;ce2;logique;logique_rencontre;Tous les violons sont des instruments de musique. Hugo a rencontré un violon. C'est donc…;Tous les violons sont des instruments de musique. Hugo a vu un violon. C'est donc…;un instrument de musique;un fruit | une fleur | un légume
42194;ce2;logique;logique_rencontre;Tous les lapins sont des animaux. Alice a rencontré un lapin. C'est donc…;Tous les lapins sont des animaux. Alice a vu un lapin. C'est donc…;un animal;un véhicule | un fruit | une fleur
42195;ce2;logique;logique_rencontre;Tous les chiens sont des animaux. Enzo a rencontré un chien. C'est donc…;Tous les chiens sont des animaux. Enzo a vu un chien. C'est donc…;un animal;un véhicule | un légume | un instrument de musique
42196;ce2;logique;logique_rencontre;Tous les poissons sont des animaux. Léa a rencontré un poisson. C'est donc…;Tous les poissons sont des animaux. Léa a vu un poisson. C'est donc…;un animal;une fleur | un instrument de musique | un fruit
42197;ce2;logique;logique_rencontre;Tous les bus sont des véhicules. Tom a rencontré un bus. C'est donc…;Tous les bus sont des véhicules. Tom a vu un bus. C'est donc…;un véhicule;une fleur | un fruit | un animal
42198;ce2;logique;logique_rencontre;Tous les oiseaux sont des animaux. Noah a rencontré un oiseau. C'est donc…;Tous les oiseaux sont des animaux. Noah a vu un oiseau. C'est donc…;un animal;un fruit | une fleur | un véhicule
42202;ce2;logique;logique_rencontre;Tous les vélos sont des véhicules. Emma a rencontré un vélo. C'est donc…;Tous les vélos sont des véhicules. Emma a vu un vélo. C'est donc…;un véhicule;une fleur | un animal | un légume
42203;ce2;logique;logique_rencontre;Tous les citrons sont des fruits. Léa a rencontré un citron. C'est donc…;Tous les citrons sont des fruits. Léa a vu un citron. C'est donc…;un fruit;une fleur | un animal | un légume
42204;ce2;logique;logique_rencontre;Tous les tournesols sont des fleurs. Tom a rencontré un tournesol. C'est donc…;Tous les tournesols sont des fleurs. Tom a vu un tournesol. C'est donc…;une fleur;un instrument de musique | un véhicule | un fruit
42205;ce2;logique;logique_rencontre;Tous les chats sont des animaux. Sacha a rencontré un chat. C'est donc…;Tous les chats sont des animaux. Sacha a vu un chat. C'est donc…;un animal;un véhicule | une fleur | un instrument de musique
42210;ce2;logique;logique_rencontre;Tous les pianos sont des instruments de musique. Max a rencontré un piano. C'est donc…;Tous les pianos sont des instruments de musique. Max a vu un piano. C'est donc…;un instrument de musique;une fleur | un véhicule | un légume
42213;ce2;logique;logique_rencontre;Tous les camions sont des véhicules. Adam a rencontré un camion. C'est donc…;Tous les camions sont des véhicules. Adam a vu un camion. C'est donc…;un véhicule;un légume | un instrument de musique | un animal
42214;ce2;logique;logique_rencontre;Tous les poireaux sont des légumes. Hugo a rencontré un poireau. C'est donc…;Tous les poireaux sont des légumes. Hugo a vu un poireau. C'est donc…;un légume;un véhicule | un instrument de musique | un fruit
42215;ce2;logique;logique_rencontre;Tous les lions sont des animaux. Emma a rencontré un lion. C'est donc…;Tous les lions sont des animaux. Emma a vu un lion. C'est donc…;un animal;un instrument de musique | un fruit | une fleur
42216;ce2;logique;logique_rencontre;Tous les chevaux sont des animaux. Nolan a rencontré un cheval. C'est donc…;Tous les chevaux sont des animaux. Nolan a vu un cheval. C'est donc…;un animal;un légume | un fruit | une fleur
42217;ce2;logique;logique_rencontre;Tous les renards sont des animaux. Zoé a rencontré un renard. C'est donc…;Tous les renards sont des animaux. Zoé a vu un renard. C'est donc…;un animal;une fleur | un légume | un fruit
42219;ce2;logique;logique_rencontre;Tous les violons sont des instruments de musique. Mia a rencontré un violon. C'est donc…;Tous les violons sont des instruments de musique. Mia a vu un violon. C'est donc…;un instrument de musique;un légume | une fleur | un animal
