fichier;ancien_id;nouvel_id
csv/questions/ce1/conjugaison/generated.csv;2257;100000
csv/questions/ce1/conjugaison/generated.csv;2258;100001
csv/questions/ce1/conjugaison/generated.csv;2259;100002
csv/questions/ce1/conjugaison/generated.csv;2260;100003
csv/questions/ce1/conjugaison/generated.csv;2261;100004
csv/questions/ce1/conjugaison/generated.csv;2262;100005
csv/questions/ce1/conjugaison/generated.csv;2263;100006
csv/questions/ce1/conjugaison/generated.csv;2264;100007
csv/questions/ce1/conjugaison/generated.csv;2265;100008
csv/questions/ce1/conjugaison/generated.csv;2266;100009
csv/questions/ce1/conjugaison/generated.csv;2267;100010
csv/questions/ce1/conjugaison/generated.csv;2268;100011
csv/questions/ce1/conjugaison/generated.csv;2269;100012
csv/questions/ce1/conjugaison/generated.csv;2270;100013
csv/questions/ce1/conjugaison/generated.csv;2271;100014
csv/questions/ce1/conjugaison/generated.csv;2272;100015
csv/questions/ce1/conjugaison/generated.csv;2273;100016
csv/questions/ce1/conjugaison/generated.csv;2274;100017
csv/questions/ce1/conjugaison/generated.csv;2275;100018
csv/questions/ce1/conjugaison/generated.csv;2276;100019
csv/questions/ce1/conjugaison/generated.csv;2277;100020
csv/questions/ce1/conjugaison/generated.csv;2278;100021
csv/questions/ce1/conjugaison/generated.csv;2279;100022
csv/questions/ce1/conjugaison/generated.csv;2280;100023
csv/questions/ce1/conjugaison/generated.csv;2281;100024
csv/questions/ce1/conjugaison/generated.csv;2282;100025
csv/questions/ce1/conjugaison/generated.csv;2283;100026
csv/questions/ce1/conjugaison/generated.csv;2284;100027
csv/questions/ce1/conjugaison/generated.csv;2285;100028
csv/questions/ce1/conjugaison/generated.csv;2286;100029
csv/questions/ce1/conjugaison/generated.csv;2287;100030
csv/questions/ce1/conjugaison/generated.csv;2288;100031
csv/questions/ce1/conjugaison/generated.csv;2289;100032
csv/questions/ce1/conjugaison/generated.csv;2290;100033
csv/questions/ce1/conjugaison/generated.csv;2291;100034
csv/questions/ce1/conjugaison/generated.csv;2292;100035
csv/questions/ce1/conjugaison/generated.csv;2293;100036
csv/questions/ce1/conjugaison/generated.csv;2294;100037
csv/questions/ce1/conjugaison/generated.csv;2295;100038
csv/questions/ce1/conjugaison/generated.csv;2296;100039
csv/questions/ce1/conjugaison/generated.csv;2297;100040
csv/questions/ce1/conjugaison/generated.csv;2298;100041
csv/questions/ce1/conjugaison/generated.csv;2299;100042
csv/questions/ce1/conjugaison/generated.csv;2300;100043
csv/questions/ce1/conjugaison/generated.csv;2301;100044
csv/questions/ce1/conjugaison/generated.csv;2302;100045
csv/questions/ce1/conjugaison/generated.csv;2303;100046
csv/questions/ce1/conjugaison/generated.csv;2304;100047
csv/questions/ce1/conjugaison/generated.csv;2305;100048
csv/questions/ce1/conjugaison/generated.csv;2306;100049
csv/questions/ce1/conjugaison/generated.csv;2307;100050
csv/questions/ce1/conjugaison/generated.csv;2308;100051
csv/questions/ce1/conjugaison/generated.csv;2309;100052
csv/questions/ce1/conjugaison/generated.csv;2310;100053
csv/questions/ce1/conjugaison/generated.csv;2311;100054
csv/questions/ce1/conjugaison/generated.csv;2312;100055
csv/questions/ce1/conjugaison/generated.csv;2313;100056
csv/questions/ce1/conjugaison/generated.csv;2314;100057
csv/questions/ce1/conjugaison/generated.csv;2315;100058
csv/questions/ce1/conjugaison/generated.csv;2316;100059
csv/questions/ce1/conjugaison/generated.csv;2317;100060
csv/questions/ce1/conjugaison/generated.csv;2318;100061
csv/questions/ce1/conjugaison/generated.csv;2319;100062
csv/questions/ce1/conjugaison/generated.csv;2320;100063
csv/questions/ce1/conjugaison/generated.csv;2321;100064
csv/questions/ce1/conjugaison/generated.csv;2322;100065
csv/questions/ce1/conjugaison/generated.csv;2323;100066
csv/questions/ce1/grammaire/generated.csv;2201;100067
csv/questions/ce1/grammaire/generated.csv;2202;100068
csv/questions/ce1/grammaire/generated.csv;2203;100069
csv/questions/ce1/grammaire/generated.csv;2204;100070
csv/questions/ce1/grammaire/generated.csv;2205;100071
csv/questions/ce1/grammaire/generated.csv;2206;100072
csv/questions/ce1/grammaire/generated.csv;2207;100073
csv/questions/ce1/grammaire/generated.csv;2208;100074
csv/questions/ce1/grammaire/generated.csv;2209;100075
csv/questions/ce1/grammaire/generated.csv;2210;100076
csv/questions/ce1/grammaire/generated.csv;2211;100077
csv/questions/ce1/grammaire/generated.csv;2212;100078
csv/questions/ce1/grammaire/generated.csv;2213;100079
csv/questions/ce1/grammaire/generated.csv;2214;100080
csv/questions/ce1/grammaire/generated.csv;2215;100081
csv/questions/ce1/grammaire/generated.csv;2216;100082
csv/questions/ce1/grammaire/generated.csv;2217;100083
csv/questions/ce1/grammaire/generated.csv;2218;100084
csv/questions/ce1/grammaire/generated.csv;2219;100085
csv/questions/ce1/grammaire/generated.csv;2220;100086
csv/questions/ce1/grammaire/generated.csv;2221;100087
csv/questions/ce1/grammaire/generated.csv;2222;100088
csv/questions/ce1/grammaire/generated.csv;2223;100089
csv/questions/ce1/grammaire/generated.csv;2224;100090
csv/questions/ce1/grammaire/generated.csv;2225;100091
csv/questions/ce1/grammaire/generated.csv;2226;100092
csv/questions/ce1/grammaire/generated.csv;2227;100093
csv/questions/ce1/grammaire/generated.csv;2228;100094
csv/questions/ce1/grammaire/generated.csv;2229;100095
csv/questions/ce1/grammaire/generated.csv;2230;100096
csv/questions/ce1/grammaire/generated.csv;2231;100097
csv/questions/ce1/grammaire/generated.csv;2232;100098
csv/questions/ce1/grammaire/generated.csv;2233;100099
csv/questions/ce1/grammaire/generated.csv;2234;100100
csv/questions/ce1/grammaire/generated.csv;2235;100101
csv/questions/ce1/grammaire/generated.csv;2236;100102
csv/questions/ce1/grammaire/generated.csv;2237;100103
csv/questions/ce1/grammaire/generated.csv;2238;100104
csv/questions/ce1/grammaire/generated.csv;2239;100105
csv/questions/ce1/grammaire/generated.csv;2240;100106
csv/questions/ce1/grammaire/generated.csv;2241;100107
csv/questions/ce1/grammaire/generated.csv;2242;100108
csv/questions/ce1/grammaire/generated.csv;2243;100109
csv/questions/ce1/grammaire/generated.csv;2244;100110
csv/questions/ce1/grammaire/generated.csv;2245;100111
csv/questions/ce1/grammaire/generated.csv;2246;100112
csv/questions/ce1/grammaire/generated.csv;2344;100113
csv/questions/ce1/grammaire/generated.csv;2345;100114
csv/questions/ce1/grammaire/generated.csv;2346;100115
csv/questions/ce1/grammaire/generated.csv;2347;100116
csv/questions/ce1/grammaire/generated.csv;2348;100117
csv/questions/ce1/grammaire/generated.csv;2349;100118
csv/questions/ce1/grammaire/generated.csv;2350;100119
csv/questions/ce1/grammaire/generated.csv;2351;100120
csv/questions/ce1/grammaire/generated.csv;2352;100121
csv/questions/ce1/grammaire/generated.csv;2353;100122
csv/questions/ce1/grammaire/generated.csv;2354;100123
csv/questions/ce1/grammaire/generated.csv;2355;100124
csv/questions/ce1/grammaire/generated.csv;2356;100125
csv/questions/ce1/grammaire/generated.csv;2357;100126
csv/questions/ce1/grammaire/generated.csv;2358;100127
csv/questions/ce1/grammaire/generated.csv;2359;100128
csv/questions/ce1/grammaire/generated.csv;2360;100129
csv/questions/ce1/grammaire/generated.csv;2361;100130
csv/questions/ce1/grammaire/generated.csv;2362;100131
csv/questions/ce1/grammaire/generated.csv;2363;100132
csv/questions/ce1/grammaire/generated.csv;2378;100133
csv/questions/ce1/grammaire/generated.csv;2379;100134
csv/questions/ce1/grammaire/generated.csv;2380;100135
csv/questions/ce1/grammaire/generated.csv;2381;100136
csv/questions/ce1/grammaire/generated.csv;2382;100137
csv/questions/ce1/grammaire/generated.csv;2383;100138
csv/questions/ce1/grammaire/generated.csv;2384;100139
csv/questions/ce1/grammaire/generated.csv;2385;100140
csv/questions/ce1/grammaire/generated.csv;2386;100141
csv/questions/ce1/grammaire/generated.csv;2387;100142
csv/questions/ce1/grammaire/generated.csv;2388;100143
csv/questions/ce1/grammaire/generated.csv;2389;100144
csv/questions/ce1/grammaire/generated.csv;2390;100145
csv/questions/ce1/grammaire/generated.csv;2391;100146
csv/questions/ce1/grammaire/generated.csv;2392;100147
csv/questions/ce1/grammaire/generated.csv;2393;100148
csv/questions/ce1/grammaire/generated.csv;2394;100149
csv/questions/ce1/grammaire/generated.csv;2395;100150
csv/questions/ce1/grammaire/generated.csv;2396;100151
csv/questions/ce1/grammaire/generated.csv;2397;100152
csv/questions/ce1/orthographe/generated.csv;2247;100153
csv/questions/ce1/orthographe/generated.csv;2248;100154
csv/questions/ce1/orthographe/generated.csv;2249;100155
csv/questions/ce1/orthographe/generated.csv;2250;100156
csv/questions/ce1/orthographe/generated.csv;2251;100157
csv/questions/ce1/orthographe/generated.csv;2252;100158
csv/questions/ce1/orthographe/generated.csv;2253;100159
csv/questions/ce1/orthographe/generated.csv;2254;100160
csv/questions/ce1/orthographe/generated.csv;2255;100161
csv/questions/ce1/orthographe/generated.csv;2256;100162
csv/questions/ce1/orthographe/generated.csv;2324;100163
csv/questions/ce1/orthographe/generated.csv;2325;100164
csv/questions/ce1/orthographe/generated.csv;2326;100165
csv/questions/ce1/orthographe/generated.csv;2327;100166
csv/questions/ce1/orthographe/generated.csv;2328;100167
csv/questions/ce1/orthographe/generated.csv;2329;100168
csv/questions/ce1/orthographe/generated.csv;2330;100169
csv/questions/ce1/orthographe/generated.csv;2331;100170
csv/questions/ce1/orthographe/generated.csv;2332;100171
csv/questions/ce1/orthographe/generated.csv;2333;100172
csv/questions/ce1/orthographe/generated.csv;2334;100173
csv/questions/ce1/orthographe/generated.csv;2335;100174
csv/questions/ce1/orthographe/generated.csv;2336;100175
csv/questions/ce1/orthographe/generated.csv;2337;100176
csv/questions/ce1/orthographe/generated.csv;2338;100177
csv/questions/ce1/orthographe/generated.csv;2339;100178
csv/questions/ce1/orthographe/generated.csv;2340;100179
csv/questions/ce1/orthographe/generated.csv;2341;100180
csv/questions/ce1/orthographe/generated.csv;2342;100181
csv/questions/ce1/orthographe/generated.csv;2343;100182
csv/questions/ce1/orthographe/generated.csv;2364;100183
csv/questions/ce1/orthographe/generated.csv;2365;100184
csv/questions/ce1/orthographe/generated.csv;2366;100185
csv/questions/ce1/orthographe/generated.csv;2367;100186
csv/questions/ce1/orthographe/generated.csv;2368;100187
csv/questions/ce1/orthographe/generated.csv;2369;100188
csv/questions/ce1/orthographe/generated.csv;2370;100189
csv/questions/ce1/orthographe/generated.csv;2371;100190
csv/questions/ce1/orthographe/generated.csv;2372;100191
csv/questions/ce1/orthographe/generated.csv;2373;100192
csv/questions/ce1/orthographe/generated.csv;2374;100193
csv/questions/ce1/orthographe/generated.csv;2375;100194
csv/questions/ce1/orthographe/generated.csv;2376;100195
csv/questions/ce1/orthographe/generated.csv;2377;100196
csv/questions/ce1/orthographe/generated.csv;2398;100197
csv/questions/ce1/orthographe/generated.csv;2399;100198
csv/questions/ce1/orthographe/generated.csv;2400;100199
csv/questions/cm2/math/generated.csv;2000;100200
csv/questions/cp/french/generated.csv;2001;100201
csv/questions/cp/french/generated.csv;2002;100202
csv/questions/cp/french/generated.csv;2003;100203
csv/questions/cp/french/generated.csv;2004;100204
csv/questions/cp/french/generated.csv;2005;100205
csv/questions/cp/french/generated.csv;2006;100206
csv/questions/cp/french/generated.csv;2007;100207
csv/questions/cp/french/generated.csv;2008;100208
csv/questions/cp/french/generated.csv;2009;100209
csv/questions/cp/french/generated.csv;2010;100210
csv/questions/cp/french/generated.csv;2011;100211
csv/questions/cp/french/generated.csv;2012;100212
csv/questions/cp/french/generated.csv;2013;100213
csv/questions/cp/french/generated.csv;2014;100214
csv/questions/cp/french/generated.csv;2015;100215
csv/questions/cp/french/generated.csv;2016;100216
csv/questions/cp/french/generated.csv;2017;100217
csv/questions/cp/french/generated.csv;2018;100218
csv/questions/cp/french/generated.csv;2019;100219
csv/questions/cp/french/generated.csv;2020;100220
csv/questions/cp/french/generated.csv;2021;100221
csv/questions/cp/french/generated.csv;2022;100222
csv/questions/cp/french/generated.csv;2023;100223
csv/questions/cp/french/generated.csv;2024;100224
csv/questions/cp/french/generated.csv;2025;100225
csv/questions/cp/french/generated.csv;2026;100226
csv/questions/cp/french/generated.csv;2027;100227
csv/questions/cp/french/generated.csv;2028;100228
csv/questions/cp/french/generated.csv;2029;100229
csv/questions/cp/french/generated.csv;2030;100230
csv/questions/cp/french/generated.csv;2031;100231
csv/questions/cp/french/generated.csv;2032;100232
csv/questions/cp/french/generated.csv;2033;100233
csv/questions/cp/french/generated.csv;2034;100234
csv/questions/cp/french/generated.csv;2035;100235
csv/questions/cp/french/generated.csv;2036;100236
csv/questions/cp/french/generated.csv;2037;100237
csv/questions/cp/french/generated.csv;2038;100238
csv/questions/cp/french/generated.csv;2039;100239
csv/questions/cp/french/generated.csv;2040;100240
csv/questions/cp/french/generated.csv;2041;100241
csv/questions/cp/french/generated.csv;2042;100242
csv/questions/cp/french/generated.csv;2043;100243
csv/questions/cp/french/generated.csv;2044;100244
csv/questions/cp/french/generated.csv;2045;100245
csv/questions/cp/french/generated.csv;2046;100246
csv/questions/cp/french/generated.csv;2047;100247
csv/questions/cp/french/generated.csv;2048;100248
csv/questions/cp/french/generated.csv;2049;100249
csv/questions/cp/french/generated.csv;2050;100250
csv/questions/cp/french/generated.csv;2051;100251
csv/questions/cp/french/generated.csv;2052;100252
csv/questions/cp/french/generated.csv;2053;100253
csv/questions/cp/french/generated.csv;2054;100254
csv/questions/cp/french/generated.csv;2055;100255
csv/questions/cp/french/generated.csv;2056;100256
csv/questions/cp/french/generated.csv;2057;100257
csv/questions/cp/french/generated.csv;2058;100258
csv/questions/cp/french/generated.csv;2059;100259
csv/questions/cp/french/generated.csv;2060;100260
csv/questions/cp/french/generated.csv;2061;100261
csv/questions/cp/french/generated.csv;2062;100262
csv/questions/cp/french/generated.csv;2063;100263
csv/questions/cp/french/generated.csv;2064;100264
csv/questions/cp/french/generated.csv;2065;100265
csv/questions/cp/french/generated.csv;2066;100266
csv/questions/cp/french/generated.csv;2067;100267
csv/questions/cp/french/generated.csv;2068;100268
csv/questions/cp/french/generated.csv;2069;100269
csv/questions/cp/french/generated.csv;2070;100270
csv/questions/cp/french/generated.csv;2071;100271
csv/questions/cp/french/generated.csv;2072;100272
csv/questions/cp/french/generated.csv;2073;100273
csv/questions/cp/french/generated.csv;2074;100274
csv/questions/cp/french/generated.csv;2075;100275
csv/questions/cp/french/generated.csv;2076;100276
csv/questions/cp/french/generated.csv;2077;100277
csv/questions/cp/french/generated.csv;2078;100278
csv/questions/cp/french/generated.csv;2079;100279
csv/questions/cp/french/generated.csv;2080;100280
csv/questions/cp/french/generated.csv;2081;100281
csv/questions/cp/french/generated.csv;2082;100282
csv/questions/cp/french/generated.csv;2083;100283
csv/questions/cp/french/generated.csv;2084;100284
csv/questions/cp/french/generated.csv;2085;100285
csv/questions/cp/french/generated.csv;2086;100286
csv/questions/cp/french/generated.csv;2087;100287
csv/questions/cp/french/generated.csv;2088;100288
csv/questions/cp/french/generated.csv;2089;100289
csv/questions/cp/french/generated.csv;2090;100290
csv/questions/cp/french/generated.csv;2091;100291
csv/questions/cp/french/generated.csv;2092;100292
csv/questions/cp/french/generated.csv;2093;100293
csv/questions/cp/french/generated.csv;2094;100294
csv/questions/cp/french/generated.csv;2095;100295
csv/questions/cp/french/generated.csv;2096;100296
csv/questions/cp/french/generated.csv;2097;100297
csv/questions/cp/french/generated.csv;2098;100298
csv/questions/cp/french/generated.csv;2099;100299
csv/questions/cp/french/generated.csv;2100;100300
csv/questions/cp/french/generated.csv;2101;100301
csv/questions/cp/french/generated.csv;2102;100302
csv/questions/cp/french/generated.csv;2103;100303
csv/questions/cp/french/generated.csv;2104;100304
csv/questions/cp/french/generated.csv;2105;100305
csv/questions/cp/french/generated.csv;2106;100306
csv/questions/cp/french/generated.csv;2107;100307
csv/questions/cp/french/generated.csv;2108;100308
csv/questions/cp/french/generated.csv;2109;100309
csv/questions/cp/french/generated.csv;2110;100310
csv/questions/cp/french/generated.csv;2111;100311
csv/questions/cp/french/generated.csv;2112;100312
csv/questions/cp/french/generated.csv;2113;100313
csv/questions/cp/french/generated.csv;2114;100314
csv/questions/cp/french/generated.csv;2115;100315
csv/questions/cp/french/generated.csv;2116;100316
csv/questions/cp/french/generated.csv;2117;100317
csv/questions/cp/french/generated.csv;2118;100318
csv/questions/cp/french/generated.csv;2119;100319
csv/questions/cp/french/generated.csv;2120;100320
csv/questions/cp/french/generated.csv;2121;100321
csv/questions/cp/french/generated.csv;2122;100322
csv/questions/cp/french/generated.csv;2123;100323
csv/questions/cp/french/generated.csv;2124;100324
csv/questions/cp/french/generated.csv;2125;100325
csv/questions/cp/french/generated.csv;2126;100326
csv/questions/cp/french/generated.csv;2127;100327
csv/questions/cp/french/generated.csv;2128;100328
csv/questions/cp/french/generated.csv;2129;100329
csv/questions/cp/french/generated.csv;2130;100330
csv/questions/cp/french/generated.csv;2131;100331
csv/questions/cp/french/generated.csv;2132;100332
csv/questions/cp/french/generated.csv;2133;100333
csv/questions/cp/french/generated.csv;2134;100334
csv/questions/cp/french/generated.csv;2135;100335
csv/questions/cp/french/generated.csv;2136;100336
csv/questions/cp/french/generated.csv;2137;100337
csv/questions/cp/french/generated.csv;2138;100338
csv/questions/cp/french/generated.csv;2139;100339
csv/questions/cp/french/generated.csv;2140;100340
csv/questions/cp/french/generated.csv;2141;100341
csv/questions/cp/french/generated.csv;2142;100342
csv/questions/cp/french/generated.csv;2143;100343
csv/questions/cp/french/generated.csv;2144;100344
csv/questions/cp/french/generated.csv;2145;100345
csv/questions/cp/french/generated.csv;2146;100346
csv/questions/cp/french/generated.csv;2147;100347
csv/questions/cp/french/generated.csv;2148;100348
csv/questions/cp/french/generated.csv;2149;100349
csv/questions/cp/french/generated.csv;2150;100350
csv/questions/cp/french/generated.csv;2151;100351
csv/questions/cp/french/generated.csv;2152;100352
csv/questions/cp/french/generated.csv;2153;100353
csv/questions/cp/french/generated.csv;2154;100354
csv/questions/cp/french/generated.csv;2155;100355
csv/questions/cp/french/generated.csv;2156;100356
csv/questions/cp/french/generated.csv;2157;100357
csv/questions/cp/french/generated.csv;2158;100358
csv/questions/cp/french/generated.csv;2159;100359
csv/questions/cp/french/generated.csv;2160;100360
csv/questions/cp/french/generated.csv;2161;100361
csv/questions/cp/french/generated.csv;2162;100362
csv/questions/cp/french/generated.csv;2163;100363
csv/questions/cp/french/generated.csv;2164;100364
csv/questions/cp/french/generated.csv;2165;100365
csv/questions/cp/french/generated.csv;2166;100366
csv/questions/cp/french/generated.csv;2167;100367
csv/questions/cp/french/generated.csv;2168;100368
csv/questions/cp/french/generated.csv;2169;100369
csv/questions/cp/french/generated.csv;2170;100370
csv/questions/cp/french/generated.csv;2171;100371
csv/questions/cp/french/generated.csv;2172;100372
csv/questions/cp/french/generated.csv;2173;100373
csv/questions/cp/french/generated.csv;2174;100374
csv/questions/cp/french/generated.csv;2175;100375
csv/questions/cp/french/generated.csv;2176;100376
csv/questions/cp/french/generated.csv;2177;100377
csv/questions/cp/french/generated.csv;2178;100378
csv/questions/cp/french/generated.csv;2179;100379
csv/questions/cp/french/generated.csv;2180;100380
csv/questions/cp/french/generated.csv;2181;100381
csv/questions/cp/french/generated.csv;2182;100382
csv/questions/cp/french/generated.csv;2183;100383
csv/questions/cp/french/generated.csv;2184;100384
csv/questions/cp/french/generated.csv;2185;100385
csv/questions/cp/french/generated.csv;2186;100386
csv/questions/cp/french/generated.csv;2187;100387
csv/questions/cp/french/generated.csv;2188;100388
csv/questions/cp/french/generated.csv;2189;100389
csv/questions/cp/french/generated.csv;2190;100390
csv/questions/cp/french/generated.csv;2191;100391
csv/questions/cp/french/generated.csv;2192;100392
csv/questions/cp/french/generated.csv;2193;100393
csv/questions/cp/french/generated.csv;2194;100394
csv/questions/cp/french/generated.csv;2195;100395
csv/questions/cp/french/generated.csv;2196;100396
csv/questions/cp/french/generated.csv;2197;100397
csv/questions/cp/french/generated.csv;2198;100398
csv/questions/cp/french/generated.csv;2199;100399
csv/questions/cp/french/generated.csv;2200;100400
csv/questions/cp/french/generated.csv;2201;100401
csv/questions/cp/french/generated.csv;2202;100402
csv/questions/cp/french/generated.csv;2203;100403
csv/questions/cp/french/generated.csv;2204;100404
csv/questions/cp/french/generated.csv;2205;100405
csv/questions/cp/french/generated.csv;2206;100406
csv/questions/cp/french/generated.csv;2207;100407
csv/questions/cp/french/generated.csv;2208;100408
csv/questions/cp/french/generated.csv;2209;100409
csv/questions/cp/french/generated.csv;2210;100410
csv/questions/cp/french/generated.csv;2211;100411
csv/questions/cp/french/generated.csv;2212;100412
csv/questions/cp/french/generated.csv;2213;100413
csv/questions/cp/french/generated.csv;2214;100414
csv/questions/cp/french/generated.csv;2215;100415
csv/questions/cp/french/generated.csv;2216;100416
csv/questions/cp/french/generated.csv;2217;100417
csv/questions/cp/french/generated.csv;2218;100418
csv/questions/cp/french/generated.csv;2219;100419
csv/questions/cp/french/generated.csv;2220;100420
csv/questions/cp/french/generated.csv;2221;100421
csv/questions/cp/french/generated.csv;2222;100422
csv/questions/cp/french/generated.csv;2223;100423
csv/questions/cp/french/generated.csv;2224;100424
csv/questions/cp/french/generated.csv;2225;100425
csv/questions/cp/french/generated.csv;2226;100426
csv/questions/cp/french/generated.csv;2227;100427
csv/questions/cp/french/generated.csv;2228;100428
csv/questions/cp/french/generated.csv;2229;100429
csv/questions/cp/french/generated.csv;2230;100430
csv/questions/cp/french/generated.csv;2231;100431
csv/questions/cp/french/generated.csv;2232;100432
csv/questions/cp/french/generated.csv;2233;100433
csv/questions/cp/french/generated.csv;2234;100434
csv/questions/cp/french/generated.csv;2235;100435
csv/questions/cp/french/generated.csv;2236;100436
csv/questions/cp/french/generated.csv;2237;100437
csv/questions/cp/french/generated.csv;2238;100438
csv/questions/cp/french/generated.csv;2239;100439
csv/questions/cp/french/generated.csv;2240;100440
csv/questions/cp/french/generated.csv;2241;100441
csv/questions/cp/french/generated.csv;2242;100442
csv/questions/cp/french/generated.csv;2243;100443
csv/questions/cp/french/generated.csv;2244;100444
csv/questions/cp/french/generated.csv;2245;100445
csv/questions/cp/french/generated.csv;2246;100446
csv/questions/cp/french/generated.csv;2247;100447
csv/questions/cp/french/generated.csv;2248;100448
csv/questions/cp/french/generated.csv;2249;100449
csv/questions/cp/french/generated.csv;2250;100450
csv/questions/cp/french/generated.csv;2251;100451
csv/questions/cp/french/generated.csv;2252;100452
csv/questions/cp/french/generated.csv;2253;100453
csv/questions/cp/french/generated.csv;2254;100454
csv/questions/cp/french/generated.csv;2255;100455
csv/questions/cp/french/generated.csv;2256;100456
csv/questions/cp/french/generated.csv;2257;100457
csv/questions/cp/french/generated.csv;2258;100458
csv/questions/cp/french/generated.csv;2259;100459
csv/questions/cp/french/generated.csv;2260;100460
csv/questions/cp/french/generated.csv;2261;100461
csv/questions/cp/french/generated.csv;2262;100462
csv/questions/cp/french/generated.csv;2263;100463
csv/questions/cp/french/generated.csv;2264;100464
csv/questions/cp/french/generated.csv;2265;100465
csv/questions/cp/french/generated.csv;2266;100466
csv/questions/cp/french/generated.csv;2267;100467
csv/questions/cp/french/generated.csv;2268;100468
csv/questions/cp/french/generated.csv;2269;100469
csv/questions/cp/french/generated.csv;2270;100470
csv/questions/cp/french/generated.csv;2271;100471
csv/questions/cp/french/generated.csv;2272;100472
csv/questions/cp/french/generated.csv;2273;100473
csv/questions/cp/french/generated.csv;2274;100474
csv/questions/cp/french/generated.csv;2275;100475
csv/questions/cp/french/generated.csv;2276;100476
csv/questions/cp/french/generated.csv;2277;100477
csv/questions/cp/french/generated.csv;2278;100478
csv/questions/cp/french/generated.csv;2279;100479
csv/questions/cp/french/generated.csv;2280;100480
csv/questions/cp/french/generated.csv;2281;100481
csv/questions/cp/french/generated.csv;2282;100482
csv/questions/cp/french/generated.csv;2283;100483
csv/questions/cp/french/generated.csv;2284;100484
csv/questions/cp/french/generated.csv;2285;100485
csv/questions/cp/french/generated.csv;2286;100486
csv/questions/cp/french/generated.csv;2287;100487
csv/questions/cp/french/generated.csv;2288;100488
csv/questions/cp/french/generated.csv;2289;100489
csv/questions/cp/french/generated.csv;2290;100490
csv/questions/cp/french/generated.csv;2291;100491
csv/questions/cp/french/generated.csv;2292;100492
csv/questions/cp/french/generated.csv;2293;100493
csv/questions/cp/french/generated.csv;2294;100494
csv/questions/cp/french/generated.csv;2295;100495
csv/questions/cp/french/generated.csv;2296;100496
csv/questions/cp/french/generated.csv;2297;100497
csv/questions/cp/french/generated.csv;2298;100498
csv/questions/cp/french/generated.csv;2299;100499
csv/questions/cp/french/generated.csv;2300;100500
csv/questions/cp/french/generated.csv;2301;100501
csv/questions/cp/french/generated.csv;2302;100502
csv/questions/cp/french/generated.csv;2303;100503
csv/questions/cp/french/generated.csv;2304;100504
csv/questions/cp/french/generated.csv;2305;100505
csv/questions/cp/french/generated.csv;2306;100506
csv/questions/cp/french/generated.csv;2307;100507
csv/questions/cp/french/generated.csv;2308;100508
csv/questions/cp/french/generated.csv;2309;100509
csv/questions/cp/french/generated.csv;2310;100510
csv/questions/cp/french/generated.csv;2311;100511
csv/questions/cp/french/generated.csv;2312;100512
csv/questions/cp/french/generated.csv;2313;100513
csv/questions/cp/french/generated.csv;2314;100514
csv/questions/cp/french/generated.csv;2315;100515
csv/questions/cp/french/generated.csv;2316;100516
csv/questions/cp/french/generated.csv;2317;100517
csv/questions/cp/french/generated.csv;2318;100518
csv/questions/cp/french/generated.csv;2319;100519
csv/questions/cp/french/generated.csv;2320;100520
csv/questions/cp/french/generated.csv;2321;100521
csv/questions/cp/french/generated.csv;2322;100522
csv/questions/cp/french/generated.csv;2323;100523
csv/questions/cp/french/generated.csv;2324;100524
csv/questions/cp/french/generated.csv;2325;100525
csv/questions/cp/french/generated.csv;2326;100526
csv/questions/cp/french/generated.csv;2327;100527
csv/questions/cp/french/generated.csv;2328;100528
csv/questions/cp/french/generated.csv;2329;100529
csv/questions/cp/french/generated.csv;2330;100530
csv/questions/cp/french/generated.csv;2331;100531
csv/questions/cp/french/generated.csv;2332;100532
csv/questions/cp/french/generated.csv;2333;100533
csv/questions/cp/french/generated.csv;2334;100534
csv/questions/cp/french/generated.csv;2335;100535
csv/questions/cp/french/generated.csv;2336;100536
csv/questions/cp/french/generated.csv;2337;100537
csv/questions/cp/french/generated.csv;2338;100538
csv/questions/cp/french/generated.csv;2339;100539
csv/questions/cp/french/generated.csv;2340;100540
csv/questions/cp/french/generated.csv;2341;100541
csv/questions/cp/french/generated.csv;2342;100542
csv/questions/cp/french/generated.csv;2343;100543
csv/questions/cp/french/generated.csv;2344;100544
csv/questions/cp/french/generated.csv;2345;100545
csv/questions/cp/french/generated.csv;2346;100546
csv/questions/cp/french/generated.csv;2347;100547
csv/questions/cp/french/generated.csv;2348;100548
csv/questions/cp/french/generated.csv;2349;100549
csv/questions/cp/french/generated.csv;2350;100550
csv/questions/cp/french/generated.csv;2351;100551
csv/questions/cp/french/generated.csv;2352;100552
csv/questions/cp/french/generated.csv;2353;100553
csv/questions/cp/french/generated.csv;2354;100554
csv/questions/cp/french/generated.csv;2355;100555
csv/questions/cp/french/generated.csv;2356;100556
csv/questions/cp/french/generated.csv;2357;100557
csv/questions/cp/french/generated.csv;2358;100558
csv/questions/cp/french/generated.csv;2359;100559
csv/questions/cp/french/generated.csv;2360;100560
csv/questions/cp/french/generated.csv;2361;100561
csv/questions/cp/french/generated.csv;2362;100562
csv/questions/cp/french/generated.csv;2363;100563
csv/questions/cp/french/generated.csv;2364;100564
csv/questions/cp/french/generated.csv;2365;100565
csv/questions/cp/french/generated.csv;2366;100566
csv/questions/cp/french/generated.csv;2367;100567
csv/questions/cp/french/generated.csv;2368;100568
csv/questions/cp/french/generated.csv;2369;100569
csv/questions/cp/french/generated.csv;2370;100570
csv/questions/cp/french/generated.csv;2371;100571
csv/questions/cp/french/generated.csv;2372;100572
csv/questions/cp/french/generated.csv;2373;100573
csv/questions/cp/french/generated.csv;2374;100574
csv/questions/cp/french/generated.csv;2375;100575
csv/questions/cp/french/generated.csv;2376;100576
csv/questions/cp/french/generated.csv;2377;100577
csv/questions/cp/french/generated.csv;2378;100578
csv/questions/cp/french/generated.csv;2379;100579
csv/questions/cp/french/generated.csv;2380;100580
csv/questions/cp/french/generated.csv;2381;100581
csv/questions/cp/french/generated.csv;2382;100582
csv/questions/cp/french/generated.csv;2383;100583
csv/questions/cp/french/generated.csv;2384;100584
csv/questions/cp/french/generated.csv;2385;100585
csv/questions/cp/french/generated.csv;2386;100586
csv/questions/cp/french/generated.csv;2387;100587
csv/questions/cp/french/generated.csv;2388;100588
csv/questions/cp/french/generated.csv;2389;100589
csv/questions/cp/french/generated.csv;2390;100590
csv/questions/cp/french/generated.csv;2391;100591
csv/questions/cp/french/generated.csv;2392;100592
csv/questions/cp/french/generated.csv;2393;100593
csv/questions/cp/french/generated.csv;2394;100594
csv/questions/cp/french/generated.csv;2395;100595
csv/questions/cp/french/generated.csv;2396;100596
csv/questions/cp/french/generated.csv;2397;100597
csv/questions/cp/french/generated.csv;2398;100598
csv/questions/cp/french/generated.csv;2399;100599
csv/questions/cp/french/generated.csv;2400;100600
csv/questions/cp/french/generated.csv;2401;100601
csv/questions/cp/french/generated.csv;2402;100602
csv/questions/cp/french/generated.csv;2403;100603
csv/questions/cp/french/generated.csv;2404;100604
csv/questions/cp/french/generated.csv;2405;100605
csv/questions/cp/french/generated.csv;2406;100606
csv/questions/cp/french/generated.csv;2407;100607
csv/questions/cp/french/generated.csv;2408;100608
csv/questions/cp/french/generated.csv;2409;100609
csv/questions/cp/french/generated.csv;2410;100610
csv/questions/cp/french/generated.csv;2411;100611
csv/questions/cp/french/generated.csv;2412;100612
csv/questions/cp/french/generated.csv;2413;100613
csv/questions/cp/french/generated.csv;2414;100614
csv/questions/cp/french/generated.csv;2415;100615
csv/questions/cp/french/generated.csv;2416;100616
csv/questions/cp/french/generated.csv;2417;100617
csv/questions/cp/french/generated.csv;2418;100618
csv/questions/cp/french/generated.csv;2419;100619
csv/questions/cp/french/generated.csv;2420;100620
csv/questions/cp/french/generated.csv;2421;100621
csv/questions/cp/french/generated.csv;2422;100622
csv/questions/cp/french/generated.csv;2423;100623
csv/questions/cp/french/generated.csv;2424;100624
csv/questions/cp/french/generated.csv;2425;100625
csv/questions/cp/french/generated.csv;2426;100626
csv/questions/cp/french/generated.csv;2427;100627
csv/questions/cp/french/generated.csv;2428;100628
csv/questions/cp/french/generated.csv;2429;100629
csv/questions/cp/french/generated.csv;2430;100630
csv/questions/cp/french/generated.csv;2431;100631
csv/questions/cp/french/generated.csv;2432;100632
csv/questions/cp/french/generated.csv;2433;100633
csv/questions/cp/french/generated.csv;2434;100634
csv/questions/cp/french/generated.csv;2435;100635
csv/questions/cp/french/generated.csv;2436;100636
csv/questions/cp/french/generated.csv;2437;100637
csv/questions/cp/french/generated.csv;2438;100638
csv/questions/cp/french/generated.csv;2439;100639
csv/questions/cp/french/generated.csv;2440;100640
csv/questions/cp/french/generated.csv;2441;100641
csv/questions/cp/french/generated.csv;2442;100642
csv/questions/cp/french/generated.csv;2443;100643
csv/questions/cp/french/generated.csv;2444;100644
csv/questions/cp/french/generated.csv;2445;100645
csv/questions/cp/french/generated.csv;2446;100646
csv/questions/cp/french/generated.csv;2447;100647
csv/questions/cp/french/generated.csv;2448;100648
csv/questions/cp/french/generated.csv;2449;100649
csv/questions/cp/french/generated.csv;2450;100650
csv/questions/cp/french/generated.csv;2451;100651
csv/questions/cp/french/generated.csv;2452;100652
csv/questions/cp/french/generated.csv;2453;100653
csv/questions/cp/french/generated.csv;2454;100654
csv/questions/cp/french/generated.csv;2455;100655
csv/questions/cp/french/generated.csv;2456;100656
csv/questions/cp/french/generated.csv;2457;100657
csv/questions/cp/french/generated.csv;2458;100658
csv/questions/cp/french/generated.csv;2459;100659
csv/questions/cp/french/generated.csv;2460;100660
csv/questions/cp/french/generated.csv;2461;100661
csv/questions/cp/french/generated.csv;2462;100662
csv/questions/cp/french/generated.csv;2463;100663
csv/questions/cp/french/generated.csv;2464;100664
csv/questions/cp/french/generated.csv;2465;100665
csv/questions/cp/french/generated.csv;2466;100666
csv/questions/cp/french/generated.csv;2467;100667
csv/questions/cp/french/generated.csv;2468;100668
csv/questions/cp/french/generated.csv;2469;100669
csv/questions/cp/french/generated.csv;2470;100670
csv/questions/cp/french/generated.csv;2471;100671
csv/questions/cp/french/generated.csv;2472;100672
csv/questions/cp/french/generated.csv;2473;100673
csv/questions/cp/french/generated.csv;2474;100674
csv/questions/cp/french/generated.csv;2475;100675
csv/questions/cp/french/generated.csv;2476;100676
csv/questions/cp/french/generated.csv;2477;100677
csv/questions/cp/french/generated.csv;2478;100678
csv/questions/cp/french/generated.csv;2479;100679
csv/questions/cp/french/generated.csv;2480;100680
csv/questions/cp/french/generated.csv;2481;100681
csv/questions/cp/french/generated.csv;2482;100682
csv/questions/cp/french/generated.csv;2483;100683
csv/questions/cp/french/generated.csv;2484;100684
csv/questions/cp/french/generated.csv;2485;100685
csv/questions/cp/french/generated.csv;2486;100686
csv/questions/cp/french/generated.csv;2487;100687
csv/questions/cp/french/generated.csv;2488;100688
csv/questions/cp/french/generated.csv;2489;100689
csv/questions/cp/french/generated.csv;2490;100690
csv/questions/cp/french/generated.csv;2491;100691
csv/questions/cp/french/generated.csv;2492;100692
csv/questions/cp/french/generated.csv;2493;100693
csv/questions/cp/french/generated.csv;2494;100694
csv/questions/cp/french/generated.csv;2495;100695
csv/questions/cp/french/generated.csv;2496;100696
csv/questions/cp/french/generated.csv;2497;100697
csv/questions/cp/french/generated.csv;2498;100698
csv/questions/cp/french/generated.csv;2499;100699
csv/questions/cp/french/generated.csv;2500;100700
